state,county,GDPpercapita,Population Estimate
Texas,Loving,120097.35,51
Texas,McMullen,1960.16,576
Texas,Glasscock,1861.93,1164
Texas,Martin,1337.95,5217
Texas,Upton,1251.21,3152
Texas,Culberson,1161.44,2155
Texas,Reagan,850.8,3135
Nevada,Eureka,743.97,1863
Texas,Reeves,737.08,12905
Texas,Borden,726.99,585
Texas,Kenedy,720.49,358
Nevada,Storey,571.5,4170
Texas,Irion,484.21,1530
Idaho,Butte,483.05,2684
New York,New York,480.37,1596273
Texas,La Salle,431.27,6604
Texas,Karnes,366.36,14836
North Dakota,Dunn,310.02,4015
Texas,King,310,233
California,San Francisco,296.49,808437
Texas,Dimmit,278.49,8387
Texas,Hutchinson,265.32,20215
Texas,Ward,262.37,10964
Oregon,Sherman,244.22,1955
North Dakota,Mckenzie,234.83,13908
North Dakota,Sargent,234.35,3795
Louisiana,Cameron,225.97,4902
California,San Mateo,224.08,729181
Texas,Roberts,221.77,803
District of Columbia,District of Columbia,212.38,671803
California,Santa Clara,206.21,1870945
Arizona,Greenlee,205.48,9302
Texas,Crockett,197.62,2943
Texas,Kent,193.35,740
Texas,Yoakum,192.96,7451
Texas,Winkler,192.41,7306
Massachusetts,Suffolk,189.22,766381
Georgia,Chattahoochee,188.91,8819
North Dakota,Mountrail,187.91,9290
Texas,Howard,182.31,33672
Texas,Oldham,178.28,1752
Georgia,Fulton,177.86,1074634
Texas,Calhoun,173.21,19706
Kentucky,Carroll,173.19,10938
Virginia,Surry,167.17,6527
North Dakota,Billings,166.44,1018
Virginia,Arlington,166.4,234000
Texas,Lipscomb,165.99,2854
Texas,Sherman,164.39,2799
Indiana,Posey,164.38,25063
Texas,De Witt,164.26,19772
Texas,Carson,161.51,5784
Texas,Sterling,158.38,1417
Texas,Andrews,157.8,18334
Washington,King,157.5,2266789
Colorado,Cheyenne,154.75,1732
Wyoming,Teton,154.23,23287
Texas,Pecos,152.68,14735
Nevada,Lander,148.43,5766
Minnesota,Pennington,146.95,13845
Colorado,Pitkin,146.92,16876
Louisiana,St Charles,146.65,50998
West Virginia,Tyler,141.56,8183
Texas,Midland,140.12,171999
Oregon,Gilliam,137.62,2018
Texas,Hemphill,134.54,3217
Texas,Moore,132.74,20996
New Mexico,Los Alamos,131.25,19187
Texas,Somervell,131.14,9757
Texas,Hartley,129.47,5208
Oklahoma,Blaine,127.49,8409
Texas,Robertson,127.09,17153
Texas,Gonzales,126.84,19832
Colorado,Denver,126.36,713252
Texas,Crane,124.13,4546
North Dakota,Oliver,124.07,1856
Oklahoma,Ellis,123.24,3657
Oklahoma,Dewey,122.98,4401
Virginia,Goochland,122.59,26109
Colorado,Broomfield,121.12,76121
North Dakota,Williams,120.81,38109
New Jersey,Somerset,120.27,346875
California,Marin,118.58,256018
Oklahoma,Kingfisher,116.72,15293
Massachusetts,Middlesex,116.69,1617105
Nebraska,Perkins,116.62,2829
Georgia,Burke,116.61,24388
Minnesota,Hennepin,116.27,1260121
North Carolina,Durham,116,332680
Indiana,Martin,115.81,9803
Colorado,Gilpin,113.27,5891
New Jersey,Morris,113.13,511151
Tennessee,Davidson,112.88,708144
Pennsylvania,Montour,112.74,18091
Texas,Live Oak,111.6,11428
North Carolina,Mecklenburg,111.31,1145392
Texas,San Augustine,110.7,7857
Kansas,Greeley,110.6,1223
Louisiana,St James,110.45,19423
Texas,Terrell,110.09,693
New York,Albany,109.43,315811
Texas,Dallas,109.01,2600840
Louisiana,Plaquemines,108.77,22516
South Dakota,Hyde,108.26,1184
New Jersey,Mercer,107.6,380688
Utah,Emery,107.24,10099
Virginia,Richmond City,107.2,229395
Indiana,Gibson,106.88,32993
Wyoming,Sublette,106.85,8763
Oregon,Morrow,106.49,12300
Nebraska,Dundy,106,1590
Texas,Travis,105.55,1326436
Illinois,Du Page,105.25,920901
Kansas,Clark,105.04,1933
Nebraska,Hayes,104.65,849
Tennessee,Williamson,104.62,260815
Kansas,Stanton,103.76,1963
Texas,Panola,103.64,22677
Missouri,St Louis City,103.43,286578
South Dakota,Union,103.18,17063
New Mexico,Eddy,103.11,60400
Indiana,Marion,102.37,969466
Montana,Liberty,102.31,1972
North Dakota,Mercer,102.12,8333
Wyoming,Campbell,102.1,47058
Texas,Stonewall,101.26,1182
South Dakota,Jerauld,100.53,1650
Texas,Parmer,100.51,9620
Nebraska,Nemaha,99.76,7035
Nebraska,Wheeler,99.64,785
Utah,Summit,98.29,43036
Pennsylvania,Montgomery,98.1,864683
Ohio,Hamilton,98.08,825037
Iowa,Polk,97.63,501089
Kansas,Gray,97.55,5729
Idaho,Caribou,96.64,7190
Oklahoma,Texas,96.62,20495
Oklahoma,Roger Mills,96.14,3320
Virginia,Alexandria City,95.77,155525
Massachusetts,Nantucket,95.58,14421
Kansas,Wichita,95.18,2064
Colorado,Boulder,95.17,327468
Colorado,San Miguel,94.35,8003
Texas,Cochran,93.75,2526
Colorado,Summit,93.63,30565
Georgia,Heard,93.38,11725
Texas,Foard,93.21,1057
Virginia,Henrico,92.54,333962
North Dakota,Cavalier,92.37,3597
Texas,Dallam,92.26,7241
Utah,Salt Lake,92.15,1186257
Wyoming,Converse,92.01,13786
New Jersey,Salem,92,65117
Louisiana,Red River,91.88,7420
Texas,Castro,91.17,7298
Iowa,Louisa,91.08,10677
Nebraska,Phelps,91.01,8988
Illinois,Lake,90.85,709150
Nebraska,Antelope,90.81,6293
Kentucky,Boone,90.5,139093
Indiana,Elkhart,90.49,206890
Kansas,Coffey,90.48,8280
Delaware,New Castle,90.42,575494
Utah,Daggett,90.23,1014
Nebraska,Chase,89.93,3772
Texas,Hansford,89.57,5151
California,Alameda,89.38,1628997
California,Alpine,89.32,1190
Oregon,Multnomah,88.19,795083
Kansas,Mitchell,88.09,5738
Wyoming,Carbon,88.02,14542
Maryland,Montgomery,87.98,1052521
South Dakota,Sully,87.47,1471
Texas,Wheeler,87.44,4807
Texas,Ochiltree,87.36,9606
Texas,Scurry,87.21,16686
Iowa,Ida,87.14,6888
Louisiana,De Soto,87.14,26853
New York,Westchester,87.1,990427
Oregon,Washington,87.07,600176
Kentucky,Hancock,86.91,9021
Michigan,Oakland,86.81,1269431
South Dakota,Campbell,86.71,1349
Missouri,St Louis,86.63,990414
Maryland,Howard,86.37,335411
Colorado,Rio Blanco,86.35,6569
Virginia,Norfolk City,86.28,232995
Maryland,Anne Arundel,86.24,593286
North Dakota,Burke,85.97,2155
Montana,Rosebud,85.6,8088
South Dakota,Minnehaha,85.3,203971
Nebraska,Douglas,85.21,586327
California,Orange,85.09,3151184
Oklahoma,Beaver,84.88,5016
Maryland,Baltimore City,84.85,569931
California,Napa,84.75,134300
Nebraska,Boone,84.67,5385
Colorado,Routt,84.59,25007
New Jersey,Bergen,84.58,952997
West Virginia,Marshall,84.32,29752
North Dakota,Mclean,83.99,9824
Washington,Columbia,83.93,4026
Nebraska,Cuming,83.9,8929
West Virginia,Ohio,83.81,41447
Mississippi,Claiborne,83.57,8805
Pennsylvania,Chester,83.5,545823
Kansas,Geary,83.41,35691
Colorado,Eagle,83.26,55285
Georgia,Appling,83.02,18428
Montana,Stillwater,82.95,9177
Colorado,Jackson,82.87,1302
Ohio,Allen,82.72,101115
Kansas,Haskell,82.61,3576
South Dakota,Deuel,82.54,4352
Texas,Harris,82.42,4780913
Iowa,Hancock,82.41,10685
Kansas,Johnson,82.37,619195
Pennsylvania,Allegheny,82.33,1233253
Kentucky,Christian,82.2,73037
Pennsylvania,Greene,81.89,34663
Ohio,Cuyahoga,81.66,1236041
Nebraska,Thayer,81.57,4885
Wisconsin,Dane,81.57,568203
Oklahoma,Cimarron,81.5,2252
Nebraska,Dakota,81.33,21042
Nebraska,Otoe,81.18,16198
Nevada,White Pine,81.17,8788
Maine,Cumberland,81.14,307451
New Mexico,Lea,80.87,72452
Minnesota,Roseau,80.55,15292
Ohio,Franklin,80.47,1321820
Nebraska,Platte,80.38,34296
Montana,Powder River,80.31,1725
Nebraska,Colfax,80.17,10444
Illinois,Grundy,80.12,53041
Texas,Shackelford,80.09,3186
Colorado,Moffat,79.96,13177
Illinois,Cook,79.94,5109292
Mississippi,Choctaw,79.7,8037
Montana,Sweet Grass,79.65,3715
South Carolina,Charleston,79.65,419279
California,Los Angeles,79.6,9721138
Wyoming,Sweetwater,79.54,41345
New Hampshire,Grafton,79.28,91126
Minnesota,Ramsey,79.15,536413
California,Mono,79.04,12978
Arkansas,Calhoun,78.92,4695
Louisiana,Iberville,78.91,29506
Virginia,Newport News City,78.85,184306
North Dakota,Steele,78.62,1788
Rhode Island,Newport,78.5,84481
Tennessee,Moore,78.34,6742
Indiana,Bartholomew,78.27,83540
Nebraska,Fillmore,78.19,5553
Ohio,Fayette,78.04,28839
Colorado,Arapahoe,77.86,655808
North Carolina,Wake,77.79,1175021
Pennsylvania,Dauphin,77.57,288800
Kansas,Phillips,77.34,4809
Nevada,Humboldt,77.34,17272
Georgia,Cobb,77.27,771952
Virginia,King George,77.24,27856
New Hampshire,Rockingham,77.15,319424
Wisconsin,Waukesha,77.15,410434
New Jersey,Middlesex,77,861418
Missouri,Sullivan,76.9,5840
Nebraska,Hamilton,76.78,9429
West Virginia,Doddridge,76.51,7698
Idaho,Gooding,76.45,15715
Massachusetts,Norfolk,76.39,725531
California,San Diego,76.33,3276208
Indiana,Kosciusko,76.33,80826
Illinois,Cumberland,76.32,10324
North Dakota,Divide,76.32,2187
Virginia,Roanoke City,76.3,97847
Arkansas,Mississippi,76.07,38896
Texas,Potter,76.05,115645
North Dakota,Foster,75.96,3378
Texas,Deaf Smith,75.93,18377
Kentucky,Jefferson,75.81,773399
Texas,Fisher,75.66,3622
Arkansas,Pulaski,75.58,399145
Iowa,Linn,75.56,229033
Kansas,Thomas,75.49,7893
North Dakota,Bowman,75.49,2894
North Dakota,Stark,75.09,32803
West Virginia,Ritchie,74.6,8207
South Dakota,Jones,74.45,884
Texas,Gaines,74.42,22181
Florida,Orange,74.33,1452726
Nebraska,Saline,74.04,14116
Illinois,Dewitt,73.95,15310
Texas,Briscoe,73.9,1431
Virginia,Loudoun,73.51,432085
Tennessee,Hamilton,73.07,374682
Illinois,Washington,72.88,13643
New York,Nassau,72.81,1383726
Ohio,Monroe,72.75,13234
Iowa,Pocahontas,72.71,7053
South Dakota,Faulk,72.68,2126
Tennessee,Shelby,72.64,916371
Montana,Richland,72.59,11237
Minnesota,Olmsted,72.58,164020
Idaho,Blaine,72.56,24866
Kansas,Gove,72.5,2717
Vermont,Chittenden,72.36,169301
Illinois,Mclean,72.27,171141
Louisiana,East Baton Rouge,72.13,450544
Nebraska,Webster,71.87,3336
Michigan,Washtenaw,71.82,366376
Alabama,Jefferson,71.81,665409
Illinois,Brown,71.73,6330
Florida,Duval,71.55,1016536
South Dakota,Lincoln,71.46,70987
North Dakota,Pembina,71.45,6763
Iowa,Dubuque,71.43,98677
Kansas,Ford,71.38,33848
Washington,Klickitat,71.27,23271
Nebraska,Knox,71.01,8336
Colorado,Kit Carson,70.96,6961
New York,Warren,70.96,65599
Nebraska,Valley,70.95,4073
Ohio,Hancock,70.88,74861
California,Santa Barbara,70.67,443837
Oklahoma,Oklahoma,70.55,802559
Kentucky,McCracken,70.37,67490
Ohio,Gallia,70.25,29068
Nebraska,Nuckolls,70.21,4041
Illinois,Peoria,70.12,178383
Kansas,Lane,70.07,1556
North Dakota,Cass,70.04,192734
Arkansas,Arkansas,69.99,16512
South Dakota,Edmunds,69.99,4065
Illinois,Rock Island,69.95,141527
Kansas,Ness,69.92,2645
California,Yolo,69.9,222115
Nebraska,Dawson,69.84,23884
Michigan,Midland,69.8,83674
Wisconsin,Brown,69.69,270036
New Hampshire,Hillsborough,69.59,426594
Missouri,Atchison,69.55,5182
Colorado,Lincoln,69.43,5510
Nebraska,Madison,69.34,35368
Massachusetts,Dukes,69.26,20868
Missouri,Cole,69.25,76969
Texas,Hockley,69.25,21161
North Dakota,Towner,69.13,2064
South Dakota,Douglas,69.07,2776
Alabama,Madison,69,403565
Florida,Hillsborough,68.83,1513301
Texas,Sutton,68.71,3217
South Dakota,Hughes,68.61,17692
Texas,Swisher,68.58,6881
Missouri,Jackson,68.41,716531
Washington,Garfield,68.4,2363
Texas,Jefferson,68.38,250830
Nebraska,Holt,68.36,10043
Maryland,St Marys,68.29,114877
Michigan,Kent,68.28,659083
Ohio,Union,68.25,66898
West Virginia,Pleasants,68.23,7586
Kansas,Wyandotte,68.22,165746
Florida,Monroe,68.18,81708
New Jersey,Hudson,68.1,703366
Georgia,Wilkinson,68.09,8681
Iowa,Kossuth,68.04,14475
California,Solano,68.02,448747
Nebraska,Buffalo,67.99,50586
Ohio,Shelby,67.93,47671
Nebraska,Morrill,67.91,4527
North Dakota,Wells,67.89,3930
South Dakota,Grant,67.87,7463
Kentucky,Mason,67.82,16930
Minnesota,Kittson,67.8,4059
New York,Onondaga,67.8,468249
Texas,Floyd,67.79,5235
Utah,Millard,67.74,13330
Texas,Fayette,67.72,24913
Illinois,Macon,67.71,101483
Nebraska,Boyd,67.68,1741
Utah,Grand,67.61,9769
Idaho,Camas,67.58,1153
Iowa,Lyon,67.52,12179
Georgia,Chatham,67.48,301107
Nebraska,Jefferson,67.42,7154
Arkansas,Union,67.22,37752
Oklahoma,Grant,67.16,4124
Pennsylvania,Philadelphia,67.16,1567258
New York,Suffolk,67.13,1525465
Tennessee,Anderson,67.02,78913
Nebraska,Washington,67,21167
North Carolina,Dare,66.97,37956
West Virginia,Harrison,66.92,64915
South Dakota,Spink,66.91,6235
Iowa,Adair,66.9,7494
West Virginia,Monongalia,66.86,106869
California,Contra Costa,66.74,1156966
Nebraska,Custer,66.64,10476
North Dakota,Griggs,66.63,2252
Nebraska,Sheridan,66.62,4996
Kansas,Stevens,66.59,5175
Texas,Nolan,66.56,14473
Iowa,Shelby,66.47,11645
Kansas,Meade,66.44,3897
Nebraska,Lincoln,66.43,33685
North Carolina,Forsyth,66.41,389157
Nebraska,Thurston,66.4,6507
Nebraska,Rock,66.24,1245
Iowa,Marion,66.17,33642
Missouri,Platte,66.15,110534
Kansas,Brown,66.14,9364
Texas,Collin,66.09,1158696
Texas,Ector,65.93,160869
Nebraska,Brown,65.9,2872
Iowa,Union,65.89,11887
Wisconsin,Outagamie,65.87,192127
Louisiana,West Baton Rouge,65.85,28034
Iowa,Sioux,65.72,36050
South Dakota,Haakon,65.67,1826
New Jersey,Union,65.65,569815
Minnesota,Pipestone,65.61,9355
North Dakota,McIntosh,65.55,2475
Louisiana,St John The Baptist,65.38,39864
Nebraska,Furnas,65.29,4575
Missouri,Ralls,65.28,10420
Florida,Miami-Dade,65.22,2673837
Minnesota,Lincoln,65.21,5580
Colorado,Kiowa,65.18,1424
California,Sonoma,65.04,482650
New Mexico,Harding,64.99,628
South Dakota,Potter,64.98,2438
New Mexico,Curry,64.95,47532
Louisiana,Calcasieu,64.89,202418
Iowa,Franklin,64.76,9916
New Jersey,Essex,64.71,849477
New Jersey,Burlington,64.62,466103
Pennsylvania,Lehigh,64.55,376317
Kansas,Rawlins,64.52,2528
Iowa,Black Hawk,64.51,130274
New York,Monroe,64.48,752035
Kansas,Pratt,64.47,9067
Kentucky,Fayette,64.47,320347
Wisconsin,Milwaukee,64.4,918661
Nebraska,Dixon,64.29,5464
Louisiana,West Feliciana,64.25,15381
Pennsylvania,Bradford,64.24,59866
Iowa,Buena Vista,64.23,20600
Oklahoma,Tulsa,64.23,677358
South Dakota,Marshall,64.23,4374
Pennsylvania,Cumberland,64.07,268579
Iowa,Poweshiek,64.02,18467
Iowa,Carroll,63.99,20567
Tennessee,Madison,63.9,99245
Maryland,Baltimore,63.85,846161
Wisconsin,Winnebago,63.84,170718
Wisconsin,Marathon,63.83,137958
Ohio,Greene,63.78,168456
Ohio,Harrison,63.78,14378
Florida,Palm Beach,63.76,1518477
Florida,Okaloosa,63.64,216482
Louisiana,Ascension,63.62,130458
Colorado,Mineral,63.57,931
Indiana,Vanderburgh,63.56,179744
California,Ventura,63.54,832605
Nebraska,Adams,63.51,30970
Virginia,Portsmouth City,63.39,97029
Colorado,Grand,63.36,15769
Minnesota,Stevens,63.32,9637
North Dakota,Pierce,63.29,3942
New Hampshire,Merrimack,63.27,156020
Kansas,Wallace,63.2,1488
South Carolina,Richland,63.17,421566
Iowa,Iowa,63.12,16475
South Dakota,Brown,63.11,37972
North Carolina,New Hanover,63.01,234921
Kansas,McPherson,62.98,30012
Illinois,Kankakee,62.97,106074
Arizona,Maricopa,62.94,4551524
Missouri,New Madrid,62.91,15695
Illinois,Effingham,62.88,34325
Pennsylvania,Washington,62.88,210383
Alabama,Montgomery,62.86,226361
Wyoming,Natrona,62.83,79601
California,Monterey,62.82,432858
Wisconsin,La Crosse,62.77,120294
New York,Erie,62.72,950312
Vermont,Washington,62.7,60048
Kansas,Scott,62.63,5014
Michigan,Ingham,62.6,284108
Iowa,Greene,62.59,8741
North Dakota,Dickey,62.57,4923
South Dakota,Hand,62.5,3140
Oregon,Wasco,62.45,26561
Texas,Throckmorton,62.45,1550
Nebraska,Dodge,62.42,36997
North Carolina,Guilford,62.39,546101
California,Placer,62.38,417772
Minnesota,Jackson,62.38,9893
Minnesota,Traverse,62.38,3275
Kentucky,Trimble,62.36,8539
Indiana,Decatur,62.24,26416
Iowa,Clay,62.21,16475
Nebraska,Lancaster,62.02,324756
California,San Luis Obispo,62,282013
California,Santa Cruz,61.98,264370
Washington,Whatcom,61.92,230677
Texas,Matagorda,61.87,36125
Iowa,Cherokee,61.86,11491
North Carolina,Orange,61.86,150477
Tennessee,Knox,61.86,494574
Indiana,Dubois,61.8,43632
West Virginia,Wetzel,61.8,14025
Iowa,Monroe,61.79,7550
Colorado,Gunnison,61.74,17267
Mississippi,Madison,61.74,111113
Nebraska,Hall,61.67,62097
Kansas,Hodgeman,61.65,1755
Louisiana,Orleans,61.63,369749
Nevada,Carson City,61.62,58130
South Dakota,Clark,61.62,3912
Kansas,Seward,61.59,21358
North Dakota,Bottineau,61.55,6376
Montana,Daniels,61.54,1628
North Dakota,Renville,61.54,2220
Kentucky,Franklin,61.49,51607
Michigan,Kalamazoo,61.49,261173
Nevada,Washoe,61.49,496745
California,Colusa,61.42,21914
South Dakota,Davison,61.4,19973
Wisconsin,Sauk,61.4,65777
California,Sacramento,61.38,1584169
Oklahoma,Garvin,61.37,25713
Kansas,Shawnee,61.34,177480
New York,Rensselaer,61.32,159853
Florida,Broward,61.29,1947026
Texas,Zavala,61.24,9377
Georgia,Richmond,61.22,206640
Minnesota,Lyon,61.21,25262
Texas,Titus,61.17,31208
Idaho,Ada,61.05,518907
Indiana,De Kalb,61.02,43731
Iowa,Adams,61.02,3611
Oklahoma,Harper,61.02,3129
Oklahoma,Alfalfa,60.97,5637
Iowa,Obrien,60.94,14060
South Dakota,Brookings,60.9,35484
Nebraska,Hitchcock,60.88,2598
Montana,Gallatin,60.87,124857
Iowa,Cerro Gordo,60.82,42409
Kentucky,Boyd,60.82,48110
Georgia,Clarke,60.79,129875
South Carolina,Greenville,60.72,547950
West Virginia,Kanawha,60.58,175515
North Dakota,Emmons,60.56,3250
Iowa,Johnson,60.48,156420
Montana,Fallon,60.43,3011
Kansas,Finney,60.39,37650
Mississippi,Lee,60.37,82959
Minnesota,Redwood,60.36,15361
Ohio,Delaware,60.35,226296
Iowa,Palo Alto,60.34,8764
Nebraska,York,60.24,14354
Kansas,Montgomery,60.22,30996
Washington,Chelan,60.22,79926
Wyoming,Platte,60.19,8645
Pennsylvania,Susquehanna,60.17,38074
Oklahoma,Noble,60.14,10896
Indiana,Hamilton,60.12,364921
Ohio,Washington,60.1,58901
Colorado,Jefferson,60.09,576143
Texas,Washington,60.08,36159
Iowa,Chickasaw,60.07,11716
Colorado,Garfield,60.06,62271
Nebraska,Clay,60.05,6049
New Jersey,Monmouth,60,644098
Indiana,Vermillion,59.96,15451
Montana,Madison,59.96,9265
Ohio,Lucas,59.92,426643
Iowa,Dallas,59.88,108016
Texas,Harrison,59.86,69955
Texas,Haskell,59.8,5403
Texas,Gregg,59.78,125443
Kansas,Sedgwick,59.73,525525
Indiana,Pike,59.69,12168
Colorado,Larimer,59.67,366778
Oklahoma,Washington,59.62,53242
Nebraska,Harlan,59.57,3054
Missouri,Buchanan,59.56,82911
Iowa,Muscatine,59.53,42377
Wisconsin,Eau Claire,59.53,106837
Kansas,Rice,59.5,9407
Minnesota,Steele,59.5,37398
Kansas,Graham,59.46,2411
Montana,Treasure,59.46,758
Nebraska,Stanton,59.46,5717
Wyoming,Laramie,59.43,100723
Arkansas,Benton,59.4,302863
Missouri,Greene,59.34,303293
California,Inyo,59.3,18718
Oklahoma,Woods,59.28,8587
Texas,Knox,59.21,3273
Wisconsin,Sheboygan,59.19,117841
Minnesota,Dakota,59.16,443341
Kansas,Trego,59.12,2752
Wisconsin,Portage,59.11,70718
North Dakota,Logan,59.1,1855
Ohio,Wood,59.03,131592
Iowa,Osceola,58.95,6036
North Dakota,Kidder,58.83,2393
Pennsylvania,Delaware,58.75,575182
Nebraska,Polk,58.7,5166
New Mexico,Bernalillo,58.6,672508
Utah,Beaver,58.52,7327
Indiana,Jackson,58.48,46300
Iowa,Des Moines,58.48,38293
Minnesota,Rock,58.42,9537
Texas,Hardeman,58.4,3516
Kansas,Sheridan,58.39,2425
Alabama,Dale,58.36,49544
New York,Oswego,58.36,118287
Iowa,Wright,58.32,12681
Iowa,Dickinson,58.3,18028
Kansas,Grant,58.29,7197
New Jersey,Hunterdon,58.29,129777
Kansas,Edwards,58.21,2739
Texas,Lynn,58.21,5724
Colorado,Douglas,58.2,375988
Iowa,Story,58.18,99673
Maine,Sagadahoc,58.16,37393
Texas,Bailey,58.13,6779
New Jersey,Cape May,58.11,95634
Minnesota,Blue Earth,58.09,69631
Kansas,Ellis,58.07,28941
Massachusetts,Barnstable,58.04,232457
Kentucky,Scott,58.02,59099
Illinois,Sangamon,58,194534
Minnesota,Cottonwood,58,11356
Minnesota,Goodhue,57.98,48013
Ohio,Summit,57.94,535882
Texas,Frio,57.94,17815
Oklahoma,Woodward,57.88,19990
North Dakota,Burleigh,57.86,99280
North Dakota,Barnes,57.73,10758
Idaho,Cassia,57.72,25655
Massachusetts,Essex,57.72,806765
Pennsylvania,Wyoming,57.71,26014
New York,Schenectady,57.69,160093
Nebraska,Cedar,57.66,8371
Colorado,Weld,57.62,350176
Nevada,Pershing,57.59,6462
Utah,Garfield,57.55,5281
Kansas,Logan,57.51,2705
Louisiana,Lafayette,57.49,247866
Georgia,Dougherty,57.46,82966
Alabama,Washington,57.43,15122
Nevada,Douglas,57.43,49628
Texas,Edwards,57.39,1422
Iowa,Mitchell,57.37,10532
Florida,Collier,57.3,397994
New York,Tompkins,57.3,104777
North Dakota,Sheridan,57.29,1295
Utah,Rich,57.28,2628
Colorado,Adams,57.23,527575
Ohio,Holmes,57.11,44390
Georgia,Hall,57.05,212692
Georgia,Liberty,57.05,68030
Georgia,Clayton,57.02,296564
Iowa,Webster,57.02,36626
North Dakota,Lamoure,57.02,4098
Illinois,Livingston,56.99,35521
Ohio,Clinton,56.99,41964
Mississippi,Tunica,56.95,9458
Florida,Pinellas,56.92,961739
Texas,Tarrant,56.92,2154595
Louisiana,Caddo,56.85,229025
Texas,Limestone,56.83,22253
Washington,Benton,56.82,212791
North Dakota,Stutsman,56.81,21487
Nebraska,Sioux,56.8,1127
Oklahoma,Love,56.8,10218
Illinois,Coles,56.72,46334
Indiana,Benton,56.71,8719
Washington,Snohomish,56.67,840079
Georgia,De Kalb,56.66,762820
Tennessee,Rhea,56.64,33730
Ohio,Montgomery,56.61,533892
Iowa,Plymouth,56.59,25681
Texas,Wilbarger,56.52,12491
South Dakota,Yankton,56.48,23373
Tennessee,Stewart,56.43,14035
Virginia,Louisa,56.38,40116
New York,Ontario,56.37,112707
Iowa,Scott,56.36,173924
Wyoming,Hot Springs,56.35,4588
Indiana,Boone,56.34,74164
Virginia,Accomack,56.33,33191
Illinois,Crawford,56.31,18536
Ohio,Butler,56.13,388420
Iowa,Lee,56.11,32840
Ohio,Wayne,56.08,116559
Washington,Grant,56.07,101311
Rhode Island,Kent,56.03,171275
Iowa,Sac,56.02,9673
Kansas,Kearny,55.98,3855
Oregon,Deschutes,55.77,206549
Alabama,Shelby,55.74,230115
Mississippi,Hinds,55.74,217730
Louisiana,Jefferson,55.71,425884
Michigan,Wayne,55.68,1757043
Minnesota,Murray,55.68,8060
Nevada,Clark,55.62,2322985
Minnesota,Nobles,55.61,21947
Pennsylvania,Centre,55.54,158425
Colorado,La Plata,55.5,56607
Kentucky,Kenton,55.5,170313
Georgia,Whitfield,55.49,103132
Montana,Big Horn,55.45,12851
Nebraska,Gosper,55.44,1808
North Carolina,Catawba,55.43,163462
Delaware,Sussex,55.3,255956
Wisconsin,Ozaukee,55.25,93009
Michigan,Grand Traverse,55.23,96464
Ohio,Warren,55.15,249778
Montana,Yellowstone,55.14,169852
Texas,Cottle,55.1,1307
Kentucky,Union,55.08,12961
Oregon,Hood River,55.08,24048
Kansas,Kiowa,55.06,2404
Indiana,Allen,55.05,391449
Rhode Island,Washington,55,130330
Minnesota,Renville,54.95,14525
North Dakota,Walsh,54.92,10438
Washington,Whitman,54.9,47619
Virginia,Hanover,54.89,112938
Illinois,Adams,54.88,64725
Mississippi,Warren,54.88,42649
Minnesota,Brown,54.87,25723
Ohio,Auglaize,54.87,45948
Nevada,Esmeralda,54.86,744
Michigan,Emmet,54.83,34163
Nebraska,Cheyenne,54.83,9511
North Dakota,McHenry,54.78,5189
Illinois,Champaign,54.77,206542
Georgia,Bibb,54.76,156197
Kansas,Cheyenne,54.75,2583
Kansas,Marshall,54.74,9982
Pennsylvania,Bucks,54.73,645054
Nebraska,Banner,54.71,660
Iowa,Audubon,54.69,5598
North Dakota,Grand Forks,54.63,72413
Texas,Lamb,54.62,12724
Michigan,Dickinson,54.57,25874
Kansas,Smith,54.56,3533
Kansas,Sherman,54.55,5830
Minnesota,Stearns,54.55,160405
North Carolina,Buncombe,54.43,273589
Texas,Nueces,54.43,351674
Texas,Shelby,54.42,24008
Wisconsin,Wood,54.37,73993
Ohio,Erie,54.36,74501
South Dakota,McPherson,54.31,2395
New York,Jefferson,54.3,116637
Texas,Coke,54.28,3333
South Dakota,Lake,54.26,10972
Nebraska,Kearney,54.23,6690
Kansas,Saline,54.15,53596
Pennsylvania,Butler,54.15,197300
Maryland,Worcester,54.09,53866
Tennessee,Sullivan,54.04,160820
Rhode Island,Providence,54.03,657288
North Dakota,Ward,54.02,68870
Oklahoma,Hughes,54.01,13407
Minnesota,Martin,53.98,19650
Montana,Toole,53.98,5082
Nebraska,Pierce,53.98,7332
Ohio,Henry,53.95,27512
Massachusetts,Berkshire,53.94,127859
Nebraska,Richardson,53.94,7705
North Carolina,Cumberland,53.93,336699
South Dakota,Codington,53.93,28721
Colorado,El Paso,53.88,740567
Illinois,Putnam,53.88,5572
Florida,Leon,53.87,297369
Illinois,Ogle,53.87,51351
Pennsylvania,Potter,53.86,16220
Indiana,Howard,53.82,83574
Louisiana,St Mary,53.78,47789
Montana,McCone,53.76,1709
Ohio,Mercer,53.73,42348
Alabama,Houston,53.71,108079
New York,Rockland,53.71,339022
Idaho,Bonneville,53.69,129496
Kansas,Morton,53.62,2599
North Carolina,Nash,53.61,95789
Arkansas,Sebastian,53.6,129059
Oklahoma,Major,53.56,7502
Michigan,Ottawa,53.55,300873
Ohio,Jefferson,53.53,64330
Illinois,La Salle,53.48,108078
Tennessee,Rutherford,53.46,360619
Texas,Tom Green,53.46,118892
Georgia,Gwinnett,53.45,975353
Utah,Duchesne,53.45,20161
Washington,Walla Walla,53.41,61890
Ohio,Guernsey,53.4,38098
Oklahoma,Pontotoc,53.39,38141
Texas,Bexar,53.35,2059530
Indiana,Pulaski,53.32,12485
Iowa,Fremont,53.29,6464
Illinois,Ford,53.28,13249
North Carolina,Pitt,53.26,173542
North Carolina,Iredell,53.24,195897
Iowa,Washington,53.23,22571
Arkansas,Desha,53.19,10771
Montana,Musselshell,53.17,5197
Kansas,Rush,53.13,2927
Pennsylvania,Lancaster,53.1,556629
Virginia,Bath,53.07,4049
New Hampshire,Cheshire,53,77350
Indiana,St Joseph,52.95,272234
Texas,Burleson,52.95,18657
Missouri,Boone,52.94,187690
South Carolina,Florence,52.94,136721
Illinois,Kane,52.93,514182
North Dakota,Traill,52.92,7958
Georgia,Muscogee,52.9,202616
Texas,Lavaca,52.89,20589
South Dakota,Pennington,52.85,114461
Missouri,Perry,52.82,18858
Nebraska,Greeley,52.82,2227
Indiana,Tippecanoe,52.78,188717
Kansas,Harper,52.78,5323
Oregon,Clackamas,52.76,423177
Nebraska,Box Butte,52.73,10672
Illinois,Jasper,52.72,9212
Minnesota,Yellow Medicine,52.72,9486
Iowa,Howard,52.7,9533
Massachusetts,Worcester,52.67,862927
Kansas,Chase,52.66,2548
Montana,Missoula,52.66,121041
South Dakota,Hutchinson,52.62,7368
Missouri,Randolph,52.6,24622
Florida,Alachua,52.59,284030
Michigan,Eaton,52.59,108992
Florida,Escambia,52.58,324878
Iowa,Cass,52.57,13104
Iowa,Floyd,52.55,15337
Utah,Kane,52.55,8227
Indiana,Knox,52.54,35789
Iowa,Hardin,52.53,16567
Washington,Spokane,52.48,549690
North Dakota,Richland,52.42,16580
Georgia,Troup,52.4,70191
Utah,Sevier,52.38,22069
West Virginia,Cabell,52.36,92730
California,Modoc,52.32,8511
Nebraska,Wayne,52.29,9871
South Dakota,Day,52.22,5479
Maryland,Talbot,52.15,37932
Colorado,Ouray,52.14,5100
Minnesota,Douglas,52.13,39668
Alabama,Mobile,52.04,411411
Illinois,Cass,52.04,12657
Nebraska,Pawnee,52.04,2528
Idaho,Nez Perce,52.03,43004
Illinois,Douglas,52.01,19755
Kansas,Linn,51.97,9796
Arizona,Coconino,51.95,144060
North Dakota,Slope,51.93,672
North Carolina,Granville,51.91,61903
Colorado,Morgan,51.88,29239
Texas,Lamar,51.88,50484
Texas,Schleicher,51.87,2357
Illinois,Edgar,51.86,16433
Michigan,Calhoun,51.86,133289
Nevada,Elko,51.86,54046
North Dakota,Ramsey,51.85,11515
Minnesota,Wilkin,51.82,6350
Ohio,Ottawa,51.82,39978
Montana,Lewis and Clark,51.71,73832
Florida,Seminole,51.7,478772
Iowa,Hamilton,51.7,14820
Nevada,Mineral,51.7,4525
Nebraska,Red Willow,51.67,10573
Oklahoma,Custer,51.66,27886
Minnesota,Swift,51.64,9755
Oklahoma,Carter,51.56,48510
Utah,Carbon,51.56,20571
Tennessee,Hamblen,51.51,65168
Indiana,Whitley,51.47,34627
Illinois,Will,51.45,696757
Iowa,Taylor,51.41,5858
North Carolina,Transylvania,51.34,33355
Florida,Bay,51.32,185134
Washington,Skagit,51.31,131179
Texas,Austin,51.29,31097
Missouri,Clay,51.27,257033
Virginia,Wythe,51.2,28111
Minnesota,Marshall,51.19,8861
Florida,Martin,51.18,162006
Kansas,Decatur,51.16,2689
Texas,Atascosa,51.14,50864
North Carolina,Lenoir,51.13,54633
New York,Saratoga,51.1,238797
Tennessee,Dyer,51.1,36410
Texas,Cooke,51.07,43050
Tennessee,Coffee,51.03,59728
Minnesota,St Louis,50.97,199532
Nebraska,Kimball,50.97,3315
Virginia,Brunswick,50.95,15921
Washington,Pierce,50.95,927380
Maryland,Harford,50.89,263867
Texas,Dawson,50.88,12130
New Jersey,Atlantic,50.85,275638
South Dakota,Kingsbury,50.84,5294
Arkansas,Washington,50.83,256054
Georgia,Thomas,50.79,45561
Minnesota,Carver,50.77,110034
South Carolina,Fairfield,50.77,20455
South Dakota,Miner,50.71,2304
Virginia,Virginia Beach City,50.71,455618
Oregon,Marion,50.68,346703
Nebraska,Merrick,50.61,7721
Kentucky,Marshall,50.58,31777
Nebraska,Cherry,50.56,5464
Texas,Dickens,50.55,1726
Idaho,Jerome,50.53,25311
Pennsylvania,Blair,50.52,121032
Florida,Sarasota,50.49,462286
Minnesota,Kandiyohi,50.49,43839
Minnesota,Lake of The Woods,50.48,3871
Georgia,Glynn,50.45,85079
Ohio,Sandusky,50.45,58667
Maryland,Wicomico,50.43,104664
Massachusetts,Hampden,50.41,461041
Vermont,Windham,50.4,45842
North Carolina,Craven,50.39,100874
Virginia,Buchanan,50.37,19352
Iowa,Wapello,50.34,35043
Illinois,Moultrie,50.32,14323
Kansas,Pottawatomie,50.32,26273
Indiana,Spencer,50.31,19967
Illinois,Randolph,50.28,30068
Iowa,Winneshiek,50.26,19974
Tennessee,Sevier,50.25,98789
Kansas,Nemaha,50.22,10115
New Mexico,Hidalgo,50.16,4003
Ohio,Lake,50.16,231842
Pennsylvania,Lycoming,50.07,113104
Nebraska,Sarpy,50.06,196553
Pennsylvania,Monroe,50,167198
Colorado,Montezuma,49.99,26468
South Dakota,Moody,49.98,6349
Massachusetts,Plymouth,49.96,533069
Texas,Guadalupe,49.96,182760
Ohio,Wyandot,49.94,21567
Texas,Waller,49.93,61894
Kentucky,Warren,49.92,139843
Iowa,Woodbury,49.91,105671
Mississippi,Lowndes,49.9,57603
Iowa,Clinton,49.85,46344
Nebraska,Burt,49.85,6755
Colorado,Logan,49.84,20823
Iowa,Delaware,49.78,17568
North Carolina,Swain,49.76,13967
Wisconsin,Monroe,49.76,46109
Nebraska,Gage,49.75,21583
South Dakota,Walworth,49.75,5265
Maryland,Frederick,49.69,287079
Oklahoma,Mayes,49.68,39589
Texas,Crosby,49.66,4998
Indiana,Jefferson,49.65,32946
Indiana,Monroe,49.65,139745
Wisconsin,Green,49.53,36816
New York,Orange,49.51,405941
California,Kern,49.49,916108
Arkansas,Howard,49.47,12557
Maine,Kennebec,49.42,125540
Missouri,Cape Girardeau,49.42,82899
Nebraska,Keith,49.42,8269
West Virginia,Putnam,49.41,57015
Iowa,Crawford,49.38,16123
New York,Dutchess,49.37,297545
Mississippi,Jackson,49.32,144975
Washington,Thurston,49.29,298758
New York,Greene,49.23,48061
Minnesota,McLeod,49.22,36714
Colorado,Hinsdale,49.21,775
Texas,Chambers,49.13,51288
Florida,Walton,49.09,83304
Minnesota,Pope,49.08,11431
Arkansas,Hempstead,49.04,19453
Utah,Juab,49.02,12567
Idaho,Lincoln,48.99,5329
North Dakota,Eddy,48.98,2314
South Dakota,Harding,48.97,1330
Texas,Victoria,48.97,91065
Illinois,Warren,48.95,16354
Michigan,Berrien,48.92,152900
Washington,Cowlitz,48.89,111956
Texas,Young,48.87,17962
Maryland,Prince Georges,48.85,946971
Texas,Baylor,48.85,3466
Illinois,Jefferson,48.84,36400
Nebraska,McPherson,48.79,372
Indiana,Adams,48.73,36068
Minnesota,Red Lake,48.72,3874
Georgia,Morgan,48.7,21031
Pennsylvania,Northampton,48.69,318526
Texas,Montgomery,48.68,678490
Kentucky,Hardin,48.67,111862
Wisconsin,Manitowoc,48.56,81172
New Jersey,Camden,48.53,524907
Iowa,Clayton,48.52,17027
Iowa,Humboldt,48.52,9572
Wyoming,Niobrara,48.52,2380
Kentucky,Simpson,48.5,19949
Virginia,Hampton City,48.5,138037
Texas,McLennan,48.49,266836
Iowa,Worth,48.48,7319
Texas,Jack,48.47,8922
Wisconsin,Washington,48.47,137688
Colorado,Clear Creek,48.44,9355
Mississippi,Leflore,48.42,26570
Ohio,Fulton,48.38,42171
Oregon,Benton,48.37,97630
Michigan,Charlevoix,48.35,26293
Kansas,Osborne,48.34,3490
Minnesota,Polk,48.32,30731
Georgia,Early,48.28,10574
Mississippi,Lauderdale,48.28,70904
Louisiana,Terrebonne,48.24,104786
Maryland,Kent,48.23,19320
Tennessee,Washington,48.22,136172
Montana,Valley,48.2,7513
North Carolina,Wilson,48.19,78449
Georgia,Jackson,48.18,83936
South Dakota,Perkins,48.15,2804
Kansas,Barton,48.11,25080
Nebraska,Blaine,48.09,453
New York,Oneida,48.09,228846
North Carolina,Bladen,48.08,29446
Wisconsin,Columbia,48.08,58193
Tennessee,Roane,48.05,55082
New York,Steuben,48.04,92599
Illinois,St Clair,48.03,252671
Texas,Smith,48.01,241922
Nebraska,Scotts Bluff,47.91,35603
Kansas,Norton,47.9,5301
Iowa,Henry,47.83,20196
Minnesota,Chippewa,47.79,12284
Oklahoma,Coal,47.71,5313
Oregon,Clatsop,47.71,41695
South Carolina,Spartanburg,47.71,345831
Minnesota,Mower,47.66,40140
Ohio,Williams,47.66,36652
Utah,Utah,47.57,702434
Indiana,Jay,47.56,20198
Vermont,Windsor,47.52,58142
Wisconsin,Iowa,47.52,23865
Nebraska,Nance,47.51,3326
Maine,Knox,47.47,41164
Colorado,San Juan,47.43,803
Georgia,Crisp,47.43,19708
South Carolina,Greenwood,47.43,69267
Georgia,Tift,47.39,41412
Minnesota,Winona,47.39,49478
Washington,Clark,47.39,516779
Texas,Lee,47.35,17954
Massachusetts,Bristol,47.32,580068
Arkansas,Independence,47.3,37945
Iowa,Grundy,47.27,12356
Utah,Weber,47.23,269561
Florida,Indian River,47.18,167352
Washington,Kitsap,47.11,277673
Arkansas,Craighead,47.1,113017
Michigan,Macomb,47.1,874195
New Mexico,Santa Fe,47.07,155664
Louisiana,Bienville,47.05,12641
South Dakota,Brule,47.04,5321
Illinois,Jackson,47.03,52617
Ohio,Madison,46.99,43540
Texas,Taylor,46.98,145163
Pennsylvania,Lackawanna,46.97,215615
Alabama,Morgan,46.95,124211
Illinois,Winnebago,46.92,282188
South Dakota,Turner,46.91,8856
Wisconsin,Rock,46.86,164060
South Dakota,Lawrence,46.85,27214
Montana,Fergus,46.84,11663
Montana,Sheridan,46.84,3564
Kentucky,Marion,46.82,19775
South Dakota,Stanley,46.76,2999
Arkansas,Jefferson,46.66,64246
Idaho,Lewis,46.66,3763
Maryland,Cecil,46.66,104942
Pennsylvania,Berks,46.65,430449
Michigan,Saginaw,46.64,188330
Texas,Mills,46.64,4500
Louisiana,St Tammany,46.63,273263
Kansas,Cloud,46.58,8946
North Dakota,Adams,46.57,2115
South Carolina,York,46.55,294248
Massachusetts,Hampshire,46.54,162588
Illinois,Massac,46.53,13896
New Hampshire,Strafford,46.53,132275
Maryland,Garrett,46.5,28579
New Hampshire,Belknap,46.5,64781
Washington,San Juan,46.5,18662
Mississippi,Forrest,46.48,78110
Pennsylvania,Luzerne,46.46,326369
Minnesota,Scott,46.4,154520
New Jersey,Gloucester,46.4,306601
Ohio,Geauga,46.38,95469
Kansas,Republic,46.35,4642
Iowa,Jefferson,46.34,15698
Iowa,Pottawattamie,46.34,93173
Illinois,Morgan,46.32,32209
Indiana,Jasper,46.32,33281
Idaho,Power,46.29,8068
Florida,Brevard,46.28,630693
Indiana,Sullivan,46.28,20670
New York,Seneca,46.26,32882
North Dakota,Ransom,46.26,5640
South Carolina,Oconee,46.26,80180
Alabama,Pike,46.19,33014
Illinois,Edwards,46.17,6071
Minnesota,Lac Qui Parle,46.17,6689
Montana,Dawson,46.16,8830
Wyoming,Park,46.16,30518
New York,Broome,46.14,197117
Alabama,Choctaw,46.13,12439
Maine,Hancock,46.13,56701
Missouri,Holt,46.13,4262
Georgia,Fayette,46.12,122030
Idaho,Shoshone,46.12,14012
South Carolina,Beaufort,46.12,196371
New York,Niagara,46.11,210880
Wisconsin,Lincoln,46.04,28376
Indiana,Clark,46.03,124237
Iowa,Bremer,46.03,25259
Vermont,Bennington,46.03,37392
Texas,Gillespie,46.01,27477
Nevada,Churchill,46,25843
Georgia,Rockdale,45.99,94984
Missouri,St Charles,45.99,413803
Texas,Morris,45.99,12083
South Dakota,Charles Mix,45.97,9213
Michigan,Huron,45.92,31248
California,Imperial,45.89,178713
Illinois,Stark,45.89,5345
Nebraska,Loup,45.87,599
Kansas,Lyon,45.86,31898
Kansas,Anderson,45.85,7776
New York,Essex,45.85,36910
Texas,Galveston,45.85,357117
New York,Wyoming,45.84,39666
Tennessee,Putnam,45.83,82382
Kansas,Allen,45.81,12579
Texas,Bell,45.81,388386
Pennsylvania,York,45.75,461058
Missouri,Taney,45.73,56821
New York,Delaware,45.72,44740
Minnesota,Itasca,45.71,45205
Wisconsin,Oneida,45.71,38212
South Dakota,Sanborn,45.69,2415
Maryland,Washington,45.68,155590
New York,Chenango,45.68,46458
Georgia,Bartow,45.66,112816
Ohio,Stark,45.66,372657
Texas,Rusk,45.65,53333
Vermont,Lamoille,45.63,26090
Idaho,Valley,45.61,12464
South Dakota,McCook,45.61,5778
Maine,Penobscot,45.57,153704
Wisconsin,Marinette,45.57,41988
Texas,Kendall,45.54,48973
Indiana,Lake,45.53,499689
North Dakota,Golden Valley,45.53,1744
Utah,Cache,45.51,140173
Wyoming,Johnson,45.48,8730
Indiana,Montgomery,45.45,38273
Illinois,Lee,45.44,33848
Oregon,Lane,45.44,382353
Wisconsin,Kenosha,45.42,167817
Indiana,Lagrange,45.4,40866
Kentucky,Henderson,45.34,44046
West Virginia,Tucker,45.34,6568
Indiana,White,45.33,24598
Iowa,Guthrie,45.32,10647
Texas,Brazos,45.32,242014
Wisconsin,Barron,45.29,46843
California,San Bernardino,45.28,2193656
Illinois,Christian,45.28,33436
Nebraska,Thomas,45.27,671
Texas,Lubbock,45.27,317561
Wisconsin,Door,45.25,30526
Oregon,Jackson,45.18,221644
West Virginia,Brooke,45.18,21733
California,Shasta,45.17,180930
Texas,Hudspeth,45.17,3432
Wyoming,Sheridan,45.17,32096
California,Fresno,45.13,1015190
Iowa,Winnebago,45.11,10617
Kansas,Kingman,45.11,7193
South Dakota,Beadle,45.11,19376
New York,Clinton,45.1,78753
Minnesota,Grant,45.08,6136
Oklahoma,Jackson,45.07,24556
Indiana,Vigo,45.04,106006
Louisiana,Rapides,45.03,127189
Minnesota,Big Stone,45.01,5144
Missouri,Franklin,44.96,105879
New Mexico,De Baca,44.94,1693
Texas,Freestone,44.94,19950
Arkansas,Pope,44.93,64065
Iowa,Clarke,44.9,9692
Wyoming,Washakie,44.86,7719
Arizona,La Paz,44.85,16506
Texas,Leon,44.83,16209
Texas,Gray,44.81,21015
Minnesota,Meeker,44.8,23496
Oklahoma,Garfield,44.8,61920
Iowa,Marshall,44.79,39879
South Dakota,Lyman,44.78,3692
Mississippi,Rankin,44.75,158979
Utah,Davis,44.73,369948
Tennessee,Blount,44.72,139958
Vermont,Addison,44.68,37578
Maine,Androscoggin,44.64,113023
Ohio,Muskingum,44.64,86113
Texas,Refugio,44.63,6632
North Carolina,Duplin,44.62,48990
New York,Chemung,44.61,81426
Mississippi,Harrison,44.6,211044
Kentucky,Daviess,44.56,103222
Minnesota,Cook,44.56,5708
Montana,Cascade,44.55,84864
Texas,Wharton,44.55,41824
Kansas,Barber,44.54,4122
Arizona,Pima,44.5,1057597
South Carolina,Lexington,44.49,304797
Ohio,Van Wert,44.46,28769
Colorado,Phillips,44.44,4449
Kansas,Pawnee,44.42,6179
Indiana,Clinton,44.34,32843
Georgia,Monroe,44.33,29427
Utah,Uintah,44.3,37141
Montana,Silver Bow,44.27,36068
Wisconsin,Crawford,44.25,16007
Louisiana,Vernon,44.24,47247
Minnesota,Lake,44.24,10939
South Dakota,Hanson,44.23,3461
New Hampshire,Carroll,44.21,52199
Mississippi,Grenada,44.16,21088
Missouri,Jasper,44.16,124075
Delaware,Kent,44.15,186946
Ohio,Belmont,44.14,65509
Illinois,Clay,44.12,13047
Iowa,Montgomery,44.11,10205
Texas,Denton,44.11,977281
Indiana,Shelby,44.1,44991
Illinois,Madison,44.08,263864
Georgia,Lowndes,44.07,119739
Ohio,Logan,44.06,46040
Montana,Wibaux,44.04,919
Colorado,Yuma,44.03,9899
Alabama,Marengo,44.02,18745
Maryland,Calvert,44.02,94573
Minnesota,Nicollet,44.01,34441
Nebraska,Butler,43.99,8427
Alabama,Colbert,43.97,58033
Texas,Goliad,43.96,7131
Alabama,Tuscaloosa,43.95,236780
Virginia,Chesterfield,43.95,378408
Oregon,Tillamook,43.94,27574
Louisiana,Ouachita,43.91,157702
North Carolina,Onslow,43.89,207298
North Dakota,Nelson,43.89,2995
Texas,Orange,43.88,84934
Wisconsin,Trempealeau,43.87,30899
New York,St Lawrence,43.81,107733
Pennsylvania,Indiana,43.78,82957
California,Butte,43.75,207303
Pennsylvania,Union,43.74,42744
Illinois,Tazewell,43.73,129911
Pennsylvania,Elk,43.73,30477
South Dakota,Tripp,43.71,5565
South Dakota,Hamlin,43.7,6352
Kentucky,Bourbon,43.69,20093
Texas,Wichita,43.69,129978
Ohio,Defiance,43.64,38187
Illinois,Vermilion,43.63,72337
Montana,Flathead,43.61,111814
New York,Hamilton,43.61,5118
Virginia,Chesapeake City,43.6,252488
California,Nevada,43.56,102293
New York,Queens,43.53,2278029
Florida,Lee,43.52,822453
Kansas,Cherokee,43.51,19088
Missouri,Scott,43.51,37840
Wisconsin,St Croix,43.51,96017
Georgia,Houston,43.45,169631
Oklahoma,Muskogee,43.44,66354
Colorado,Lake,43.41,7327
Colorado,Mesa,43.41,158636
Colorado,Chaffee,43.38,20223
Kansas,Crawford,43.37,39078
South Carolina,Calhoun,43.37,14179
Vermont,Rutland,43.3,60366
West Virginia,Hardy,43.3,14192
Indiana,Steuben,43.29,34725
Michigan,Mackinac,43.29,10941
Kansas,Stafford,43.27,3993
Nebraska,Frontier,43.27,2633
Idaho,Clark,43.24,806
Iowa,Calhoun,43.24,9725
Oregon,Wallowa,43.24,7659
South Dakota,Buffalo,43.24,1861
Idaho,Twin Falls,43.23,93696
Nebraska,Garfield,43.2,1801
Kansas,Douglas,43.17,119964
Tennessee,Maury,43.17,108159
Kansas,Lincoln,43.16,2899
Texas,Zapata,43.15,13849
Wisconsin,Walworth,43.15,105380
Oklahoma,Stephens,43.14,43710
Illinois,De Kalb,43.11,100232
Tennessee,Bradley,43.11,110616
Wisconsin,Dodge,43.1,88282
California,Kings,43.09,152981
Nebraska,Seward,43.06,17692
Texas,Hunt,43.06,108282
Wisconsin,Racine,43.05,195846
Idaho,Elmore,43.04,29403
West Virginia,Wood,43.04,83340
Wisconsin,Grant,43.02,51276
Michigan,Marquette,43.01,66661
Oklahoma,Johnston,42.99,10406
Texas,Brewster,42.98,9343
Michigan,Jackson,42.97,160066
South Carolina,Darlington,42.97,62398
Minnesota,Benton,42.96,41463
New York,Otsego,42.95,60636
North Dakota,Benson,42.95,5770
Oklahoma,Kay,42.93,43668
Illinois,Williamson,42.9,66695
Missouri,Iron,42.87,9414
Oklahoma,Pittsburg,42.86,43613
Pennsylvania,Fulton,42.86,14533
Kansas,Russell,42.85,6639
South Dakota,Gregory,42.85,3962
Arkansas,Columbia,42.84,22216
Indiana,Tipton,42.8,15361
South Carolina,Georgetown,42.8,64722
Pennsylvania,Clinton,42.76,37931
Colorado,Prowers,42.72,11854
Kansas,Ellsworth,42.72,6355
California,Stanislaus,42.68,551275
Louisiana,Lincoln,42.68,48129
New Mexico,San Juan,42.66,120418
Nebraska,Grant,42.65,576
Missouri,Marion,42.64,28438
Wisconsin,Ashland,42.62,16039
Minnesota,Washington,42.57,275912
Maine,York,42.56,216732
North Carolina,Lee,42.53,65476
Ohio,Licking,42.53,181359
Indiana,Wayne,42.52,66273
Kansas,Reno,42.52,61516
Pennsylvania,Cameron,42.5,4418
Texas,Webb,42.5,267780
Nebraska,Sherman,42.48,2980
California,Plumas,42.47,19351
Missouri,Barry,42.47,34926
New Jersey,Cumberland,42.46,151356
Minnesota,Watonwan,42.42,11075
Iowa,Emmet,42.41,9176
Georgia,Greene,42.39,20139
North Carolina,Beaufort,42.38,44272
Louisiana,Natchitoches,42.36,36663
Missouri,Pulaski,42.36,53941
Tennessee,Obion,42.36,30394
Minnesota,Anoka,42.35,368864
Iowa,Page,42.34,15143
Indiana,Hancock,42.33,83070
Texas,Colorado,42.32,20754
California,Tuolumne,42.3,54531
Minnesota,Crow Wing,42.25,67948
North Dakota,Grant,42.2,2243
North Carolina,Wayne,42.18,117286
California,El Dorado,42.16,192646
Minnesota,Norman,42.16,6377
Texas,Hopkins,42.15,37804
Texas,San Patricio,42.13,69954
Wisconsin,Jefferson,42.13,85784
Kansas,Atchison,42.11,16108
Kentucky,Woodford,42.11,27062
New York,Yates,42.1,24451
Maryland,Allegany,42.08,67267
Nebraska,Hooker,42.08,686
Indiana,Noble,42.07,47367
Maryland,Dorchester,42.06,32726
Nebraska,Deuel,42.06,1902
California,San Joaquin,42.05,793229
Colorado,Alamosa,42.04,16592
Vermont,Franklin,42.03,50731
Washington,Douglas,42.03,44192
Georgia,Forsyth,42.01,267237
North Carolina,Richmond,42.01,42778
Minnesota,Freeborn,41.99,30718
North Dakota,Morton,41.99,33710
Pennsylvania,McKean,41.99,39866
New York,Wayne,41.98,91125
Tennessee,Humphreys,41.98,19106
West Virginia,Grant,41.97,10968
Indiana,Wells,41.96,28335
Washington,Kittitas,41.95,45189
Wyoming,Crook,41.95,7448
Indiana,Daviess,41.93,33418
Indiana,Porter,41.91,174791
North Carolina,Watauga,41.91,55089
Missouri,Stoddard,41.9,28377
Virginia,Pulaski,41.88,33706
North Carolina,Cleveland,41.84,100670
Texas,McCulloch,41.84,7497
Indiana,Perry,41.83,19183
Pennsylvania,Lebanon,41.81,144011
Louisiana,Bossier,41.8,129276
Minnesota,Rice,41.79,67693
Oklahoma,Comanche,41.78,123046
New Jersey,Passaic,41.77,513936
Arkansas,Little River,41.73,11821
Idaho,Kootenai,41.73,183578
South Carolina,Jasper,41.73,32039
Pennsylvania,Erie,41.71,267689
Washington,Lincoln,41.67,11601
Wyoming,Weston,41.64,6860
Georgia,Floyd,41.61,99443
Arkansas,Jackson,41.6,16624
Kansas,Washington,41.59,5501
Washington,Franklin,41.59,98678
Ohio,Medina,41.58,183512
Wisconsin,Chippewa,41.58,66807
Oklahoma,Beckham,41.56,22009
Virginia,Warren,41.56,41440
Louisiana,Sabine,41.55,21985
Oregon,Umatilla,41.55,80215
Washington,Yakima,41.54,257001
Ohio,Tuscarawas,41.5,91937
Texas,Comal,41.5,184642
Texas,Kerr,41.49,53741
Wisconsin,Dunn,41.47,45651
Utah,Wayne,41.45,2645
New York,Franklin,41.44,46373
New York,Genesee,41.44,57535
Virginia,Suffolk City,41.44,98537
Ohio,Mahoning,41.42,225636
Minnesota,Cass,41.4,31274
Pennsylvania,Westmoreland,41.4,352057
Iowa,Wayne,41.39,6467
West Virginia,Raleigh,41.38,72882
North Carolina,Chowan,41.37,13940
Virginia,Lancaster,41.36,10750
Ohio,Marion,41.32,64642
Arizona,Santa Cruz,41.29,48759
Illinois,Stephenson,41.28,43627
Indiana,Huntington,41.27,36834
South Dakota,Dewey,41.26,5140
New Mexico,Grant,41.25,27686
Pennsylvania,Beaver,41.22,165677
Texas,Brazoria,41.22,388181
Colorado,Teller,41.21,24857
North Carolina,Macon,41.21,38065
Illinois,Pike,41.2,14484
Indiana,Ripley,41.18,29087
New Mexico,Otero,41.18,68823
South Carolina,Sumter,41.17,104012
Michigan,Otsego,41.15,25644
Oregon,Harney,41.15,7515
Kentucky,Clark,41.13,37061
Kansas,Jewell,41.1,2898
Tennessee,Wilson,41.1,158555
Texas,Terry,41.1,11567
Iowa,Tama,41.07,16903
Ohio,Darke,41.06,51529
Arkansas,Woodruff,41.03,6049
Indiana,Hendricks,41.03,182534
Ohio,Miami,41.03,110247
Tennessee,McMinn,41.02,54719
New York,Lewis,41.01,26699
Wyoming,Albany,41.01,38031
California,Humboldt,40.94,135010
Washington,Island,40.9,86625
Missouri,Saline,40.87,23007
New Hampshire,Coos,40.87,31504
Texas,Williamson,40.85,671418
New York,Ulster,40.75,182319
Washington,Lewis,40.74,85370
Arkansas,Dallas,40.71,6191
Missouri,Pettis,40.68,43353
Texas,Houston,40.67,21950
Tennessee,Crockett,40.61,13888
North Carolina,Montgomery,40.6,25894
Massachusetts,Franklin,40.58,70894
Wyoming,Lincoln,40.56,20660
Georgia,Wayne,40.54,30896
Indiana,Wabash,40.53,30828
Montana,Hill,40.52,16068
Washington,Adams,40.49,20961
Minnesota,Becker,40.45,35371
Kansas,Labette,40.41,19757
Minnesota,Koochiching,40.38,11844
Wisconsin,Taylor,40.37,19975
Wyoming,Big Horn,40.37,11855
Louisiana,Iberia,40.36,68327
Georgia,Carroll,40.33,124592
Kansas,Bourbon,40.32,14493
Georgia,Gordon,40.31,58954
Ohio,Clermont,40.3,210805
Texas,Jackson,40.28,15142
South Carolina,Aiken,40.27,174150
Wisconsin,Douglas,40.24,44144
Minnesota,Waseca,40.2,18893
South Dakota,Clay,40.2,15280
Michigan,Allegan,40.19,121210
Pennsylvania,Sullivan,40.18,5855
Alabama,Limestone,40.16,110900
Kansas,Harvey,40.16,33801
Kentucky,Hopkins,40.11,44812
Ohio,Carroll,40.11,26659
Texas,Wise,40.11,74895
New Mexico,Union,40.09,3980
Missouri,Vernon,40.07,19651
Nebraska,Garden,40.07,1837
Montana,Custer,40.06,12032
Texas,Brooks,40.05,6906
Utah,Box Elder,40.04,61498
Tennessee,Henry,40.03,32379
Nebraska,Logan,40.01,675
Vermont,Orleans,40.01,27666
California,Madera,40,160256
California,Mariposa,39.97,17020
Kentucky,Boyle,39.97,30904
Louisiana,Winn,39.97,13205
Iowa,Allamakee,39.96,13960
North Carolina,Hertford,39.96,20875
Iowa,Monona,39.95,8486
Kentucky,Gallatin,39.95,8763
Alabama,Calhoun,39.94,115788
Minnesota,Carlton,39.94,36708
Ohio,Portage,39.94,161745
Texas,Eastland,39.91,17944
Texas,Presidio,39.91,5939
Ohio,Pike,39.9,27005
Oklahoma,Payne,39.9,82794
Minnesota,Beltrami,39.83,46799
Kentucky,Logan,39.81,27877
Texas,Bowie,39.8,92035
Florida,Okeechobee,39.79,40412
North Carolina,Hyde,39.78,4576
Texas,Hale,39.77,31827
Texas,Nacogdoches,39.77,64862
California,Mendocino,39.76,89783
Minnesota,Otter Tail,39.75,60519
Alabama,Lowndes,39.73,9777
Illinois,Hamilton,39.73,7984
Utah,Washington,39.73,197680
New York,Kings,39.72,2590516
Virginia,Rappahannock,39.7,7502
Ohio,Huron,39.69,58218
New York,Columbia,39.68,61286
Maryland,Queen Annes,39.65,51711
Kansas,Rooks,39.63,4813
Missouri,Livingston,39.61,14402
Wisconsin,Price,39.58,14179
Iowa,Mahaska,39.57,21946
Louisiana,Pointe Coupee,39.57,20151
Tennessee,Loudon,39.56,58181
Iowa,Boone,39.55,26609
Tennessee,Bedford,39.54,51950
Illinois,McDonough,39.53,26861
Texas,El Paso,39.53,868763
Wisconsin,Jackson,39.53,20836
Wisconsin,Menominee,39.53,4197
Tennessee,Haywood,39.52,17550
Oklahoma,Grady,39.48,56658
Virginia,Fauquier,39.48,74664
Minnesota,Faribault,39.47,13926
Arkansas,Ashley,39.46,18354
New York,Sullivan,39.46,79658
Wisconsin,Richland,39.45,17090
Missouri,Carroll,39.44,8423
Missouri,Reynolds,39.43,6006
Montana,Beaverhead,39.39,9719
Oregon,Lincoln,39.39,50813
Michigan,Wexford,39.37,34196
Pennsylvania,Snyder,39.37,39652
Florida,Manatee,39.36,429125
Indiana,Cass,39.36,37540
Kansas,Riley,39.36,71108
Virginia,Dickenson,39.35,13725
Louisiana,Lafourche,39.28,95870
Colorado,Dolores,39.24,2455
New York,Putnam,39.21,98045
Idaho,Clearwater,39.17,9015
Wisconsin,Pepin,39.12,7410
Michigan,Hillsdale,39.08,45762
Indiana,Warrick,39.06,65185
Michigan,Genesee,39.04,401983
Wisconsin,Buffalo,39.03,13391
Colorado,Pueblo,39.02,169544
Iowa,Mills,38.97,14553
New York,Cayuga,38.97,74998
Alabama,Talladega,38.95,80704
Virginia,Stafford,38.94,163380
Mississippi,Scott,38.91,27707
Pennsylvania,Carbon,38.9,65460
Pennsylvania,Franklin,38.89,156902
Kentucky,Carlisle,38.88,4720
Virginia,Botetourt,38.83,34135
Arizona,Cochise,38.82,125663
Colorado,Archuleta,38.81,14003
North Carolina,Pasquotank,38.81,40938
South Dakota,Aurora,38.8,2755
Nebraska,Franklin,38.77,2873
Oregon,Crook,38.76,26375
Illinois,Whiteside,38.73,54658
Mississippi,Union,38.73,28125
West Virginia,Logan,38.73,31316
California,Sutter,38.68,98503
Maine,Aroostook,38.66,67255
Wyoming,Uinta,38.66,20712
Colorado,Rio Grande,38.64,11325
Utah,Piute,38.64,1487
Oklahoma,McCurtain,38.62,30931
Michigan,Livingston,38.6,196161
Texas,Concho,38.55,3340
Kansas,Doniphan,38.54,7440
South Carolina,Horry,38.5,383101
Montana,Roosevelt,38.48,10572
Virginia,Shenandoah,38.46,44968
Idaho,Custer,38.41,4506
Minnesota,Clearwater,38.41,8649
Vermont,Caledonia,38.4,30579
Tennessee,Giles,38.36,30554
Mississippi,Lafayette,38.35,57615
California,Lassen,38.33,29904
Illinois,Jo Daviess,38.33,21758
Texas,Rockwall,38.32,123208
California,Tulare,38.3,477544
Montana,Park,38.29,17790
Florida,Liberty,38.28,7603
Oregon,Union,38.28,26177
Tennessee,Hardin,38.28,27077
Texas,Donley,38.26,3339
Kansas,Cowley,38.25,34453
Illinois,Iroquois,38.22,26473
Missouri,Macon,38.21,15049
Florida,St Johns,38.2,306841
Illinois,Bureau,38.2,32828
Wyoming,Fremont,38.16,39472
California,Riverside,38.14,2473902
Ohio,Seneca,38.12,54632
Texas,Val Verde,38.12,47606
Georgia,Franklin,38.11,24128
Oklahoma,Murray,38.11,13672
New York,Cortland,38.09,46126
Michigan,Isabella,38.07,64447
California,Amador,38.05,41412
Georgia,Laurens,38.04,49660
Florida,Hamilton,38.02,13217
California,Yuba,38,84310
Pennsylvania,Lawrence,38,84849
Kentucky,Hickman,37.98,4422
Michigan,Alpena,37.97,28847
California,Glenn,37.96,28339
Iowa,Fayette,37.96,19294
North Carolina,Rowan,37.96,149645
Missouri,Chariton,37.95,7386
Wisconsin,Clark,37.94,34691
North Carolina,Jackson,37.93,42955
Illinois,Logan,37.9,27591
Minnesota,Dodge,37.89,20981
Florida,Polk,37.88,787404
Virginia,Giles,37.88,16453
Tennessee,Sumner,37.87,203858
Iowa,Buchanan,37.86,20714
North Carolina,Alamance,37.85,176353
Oklahoma,Bryan,37.85,48182
Kentucky,Campbell,37.84,93300
New York,Montgomery,37.83,49623
Kentucky,Calloway,37.79,37685
Ohio,Putnam,37.79,34334
Pennsylvania,Mercer,37.78,109220
Texas,Stephens,37.77,9390
Iowa,Ringgold,37.75,4670
Arkansas,Phillips,37.68,15304
Missouri,Camden,37.67,43768
Illinois,McHenry,37.66,311747
Kentucky,Jessamine,37.65,54254
Georgia,Oconee,37.63,43588
Kansas,Neosho,37.63,15606
Indiana,La Porte,37.59,111675
Mississippi,Jones,37.59,66569
Louisiana,Madison,37.56,9478
Nevada,Lincoln,37.56,4482
Michigan,Van Buren,37.55,75692
Texas,Franklin,37.54,10618
Alabama,Clarke,37.53,22515
Arkansas,Baxter,37.52,42435
Oregon,Linn,37.51,130467
Alabama,Marshall,37.5,99423
Georgia,Ware,37.45,35614
Indiana,Grant,37.44,66022
New Mexico,Guadalupe,37.44,4310
Georgia,Toombs,37.42,26837
North Carolina,Person,37.39,39386
Wisconsin,Waupaca,37.39,51488
Michigan,Bay,37.36,102821
Pennsylvania,Columbia,37.36,64926
Kansas,Butler,37.34,68240
Pennsylvania,Tioga,37.31,41106
Idaho,Minidoka,37.29,22194
Texas,Jim Wells,37.29,38826
Illinois,Marshall,37.28,11678
Mississippi,Covington,37.28,18098
Nebraska,Arthur,37.27,433
Virginia,Northampton,37.27,11900
Kentucky,Clinton,37.25,9123
Indiana,Delaware,37.17,112031
South Carolina,Newberry,37.15,38247
Iowa,Butler,37.14,14269
Indiana,Rush,37.12,16673
Colorado,Montrose,37.1,43811
Missouri,Laclede,37.08,36313
Wyoming,Goshen,37.08,12562
Iowa,Appanoose,37.07,12094
Rhode Island,Bristol,37.07,50360
Texas,Blanco,37.07,12418
Oregon,Grant,37.06,7218
North Carolina,Wilkes,37.05,65784
Illinois,Carroll,37.03,15529
Oregon,Coos,37.03,64990
Indiana,Dearborn,37.02,51138
Arkansas,Crittenden,36.99,47061
Colorado,Baca,36.99,3432
Georgia,Coffee,36.98,43172
Indiana,Floyd,36.98,80714
Kansas,Dickinson,36.97,18430
Kansas,Wilson,36.94,8622
Iowa,Lucas,36.91,8689
Maine,Franklin,36.89,30474
Mississippi,Neshoba,36.89,28673
North Carolina,Carteret,36.89,69380
Ohio,Scioto,36.89,72194
South Dakota,Roberts,36.89,10163
Idaho,Washington,36.88,11087
Michigan,Monroe,36.88,155609
Texas,Newton,36.88,12052
Florida,Hardee,36.87,25645
Mississippi,Alcorn,36.86,34204
Oregon,Lake,36.86,8385
Arizona,Yuma,36.85,207842
Pennsylvania,Wayne,36.84,51173
New Hampshire,Sullivan,36.83,43958
Minnesota,Hubbard,36.82,21960
Tennessee,Dickson,36.82,55761
Texas,Angelina,36.8,87101
Montana,Judith Basin,36.79,2105
Illinois,Shelby,36.78,20761
Indiana,Johnson,36.78,165782
Idaho,Latah,36.77,40978
Maine,Waldo,36.72,40241
Wisconsin,Sawyer,36.72,18559
Montana,Wheatland,36.71,2032
Michigan,Iosco,36.7,25521
Ohio,Richland,36.7,125319
California,Siskiyou,36.68,43660
Illinois,Richland,36.68,15435
Wisconsin,Vilas,36.67,23763
Arkansas,Clark,36.65,21250
North Carolina,Moore,36.64,105531
Minnesota,Mahnomen,36.63,5328
Virginia,Nelson,36.62,14652
Wisconsin,Kewaunee,36.62,20623
Nebraska,Keya Paha,36.61,787
Texas,Brown,36.61,38373
Arkansas,Boone,36.59,38284
New Mexico,Colfax,36.57,12246
Pennsylvania,Mifflin,36.57,45988
Texas,Childress,36.57,6809
North Carolina,Bertie,36.51,17240
Texas,Grayson,36.51,143131
Oregon,Malheur,36.48,31879
Kansas,Clay,36.47,8043
Georgia,Evans,36.45,10695
Missouri,Ste Genevieve,36.45,18644
Mississippi,Hancock,36.42,46094
Wisconsin,Langlade,36.41,19559
Wisconsin,Rusk,36.4,14186
Texas,Jeff Davis,36.39,1903
South Carolina,Berkeley,36.38,245117
Texas,Madison,36.38,13661
West Virginia,Marion,36.35,55952
Georgia,Jefferson,36.32,15314
Alabama,Lee,36.3,180773
Georgia,Dooly,36.27,10572
Iowa,Cedar,36.26,18399
Texas,Kleberg,36.25,30362
Minnesota,Wabasha,36.21,21658
Maryland,Caroline,36.2,33433
Texas,Fort Bend,36.13,889146
Kentucky,Nelson,36.1,47392
Nebraska,Johnson,36.1,5287
Texas,Uvalde,36.1,24940
Pennsylvania,Northumberland,36.08,90133
Virginia,Mecklenburg,36.08,30508
Minnesota,Wadena,36.05,14307
Indiana,Marshall,36.04,46332
New York,Cattaraugus,36.03,76439
Kansas,Leavenworth,36.01,82892
New York,Chautauqua,35.98,126027
Arkansas,Drew,35.96,16911
North Carolina,Avery,35.94,17571
Indiana,Randolph,35.92,24437
North Carolina,Cabarrus,35.87,235797
Pennsylvania,Clearfield,35.87,77904
Georgia,Miller,35.85,5807
Arizona,Apache,35.84,65432
Michigan,Clare,35.84,31352
North Carolina,Henderson,35.82,118106
Texas,Kinney,35.82,3128
Georgia,Twiggs,35.81,7680
Kentucky,Montgomery,35.81,28367
Missouri,Audrain,35.8,24434
Michigan,St Joseph,35.77,60874
Wisconsin,Juneau,35.75,26866
South Carolina,Anderson,35.74,209581
Texas,Hall,35.73,2810
North Carolina,Surry,35.66,71403
Oregon,Yamhill,35.64,108226
New Jersey,Warren,35.62,110926
Pennsylvania,Adams,35.59,106027
West Virginia,Greenbrier,35.56,32435
Indiana,Warren,35.55,8461
Missouri,Nodaway,35.55,20670
Maryland,Carroll,35.54,175305
Michigan,Gratiot,35.54,41100
Texas,Anderson,35.5,58064
Oklahoma,Caddo,35.49,26198
North Carolina,Mitchell,35.48,15094
Alabama,Baldwin,35.46,246435
Illinois,Knox,35.46,48640
Georgia,Stephens,35.42,26767
Mississippi,Oktibbeha,35.37,51427
New York,Orleans,35.36,39318
Missouri,Newton,35.35,60011
Tennessee,Marshall,35.35,35878
Georgia,Douglas,35.34,147316
Indiana,Carroll,35.32,20555
Tennessee,Weakley,35.31,33063
Colorado,Las Animas,35.28,14327
Texas,Hood,35.27,66373
Wisconsin,Lafayette,35.26,16877
Michigan,St Clair,35.25,160151
Nebraska,Howard,35.25,6515
West Virginia,Pocahontas,35.25,7819
New Mexico,Dona Ana,35.24,223337
Kansas,Morris,35.23,5349
Ohio,Ashland,35.23,52181
Virginia,Culpeper,35.23,54381
Illinois,Schuyler,35.21,6746
Missouri,Butler,35.21,42179
New Mexico,Roosevelt,35.2,18934
Pennsylvania,Cambria,35.2,131441
Texas,Burnet,35.19,52502
Oklahoma,Ottawa,35.18,30338
Georgia,Macon,35.17,11765
Maine,Lincoln,35.17,36215
Nebraska,Saunders,35.16,23118
Idaho,Benewah,35.14,10370
Tennessee,Dekalb,35.14,21003
North Carolina,Brunswick,35.13,153064
Arizona,Graham,35.08,38779
Arkansas,Conway,35.08,21046
Texas,Erath,35.06,43895
Oregon,Klamath,35.05,70212
Colorado,Washington,35.04,4812
Oregon,Douglas,35.03,112297
Montana,Teton,35.01,6368
Michigan,Leelanau,34.99,22870
Georgia,Rabun,34.98,17206
Kentucky,Laurel,34.98,62885
Colorado,Huerfano,34.96,7082
Colorado,Sedgwick,34.95,2295
Kentucky,Webster,34.95,12726
Alabama,Wilcox,34.94,10059
Minnesota,Wright,34.94,148003
Wisconsin,Washburn,34.91,16911
Arkansas,Garland,34.86,100089
Michigan,Muskegon,34.86,176565
South Carolina,Chester,34.86,31931
Kentucky,Mercer,34.84,22902
New Jersey,Ocean,34.84,655735
Nebraska,Dawes,34.83,8241
Maine,Washington,34.82,31437
North Carolina,McDowell,34.8,44753
Tennessee,Smith,34.78,20489
Maine,Piscataquis,34.77,17417
Oregon,Josephine,34.76,87730
Michigan,Schoolcraft,34.75,8188
Arkansas,Marion,34.74,17254
Michigan,Mason,34.72,29409
Virginia,Smyth,34.68,29449
Washington,Clallam,34.68,77805
Mississippi,Bolivar,34.67,29370
Missouri,Callaway,34.67,44762
Georgia,Coweta,34.66,152882
Texas,Garza,34.64,6262
Mississippi,Coahoma,34.63,20197
Illinois,White,34.62,13614
Kansas,Franklin,34.61,25992
Missouri,Gentry,34.57,6253
Washington,Okanogan,34.57,43127
Ohio,Lorain,34.56,316268
Maryland,Charles,34.54,170102
Maryland,Somerset,34.53,24546
Ohio,Trumbull,34.52,200643
New York,Livingston,34.5,61516
Ohio,Clark,34.49,134831
Mississippi,De Soto,34.48,191723
Illinois,Marion,34.47,36914
Ohio,Athens,34.47,58979
Missouri,Johnson,34.46,54368
North Dakota,Hettinger,34.46,2406
Georgia,Mitchell,34.45,21116
Iowa,Benton,34.45,25711
Iowa,Harrison,34.45,14658
Kentucky,Shelby,34.45,48886
Indiana,Fulton,34.43,20327
Texas,Jim Hogg,34.43,4763
Washington,Grays Harbor,34.41,77038
Texas,Llano,34.4,22540
Wisconsin,Polk,34.4,45709
New York,Fulton,34.39,52669
Utah,Wasatch,34.39,36619
Arizona,Gila,34.38,53922
Illinois,Montgomery,34.38,28020
New York,Richmond,34.38,491133
Kentucky,Livingston,34.36,8963
Mississippi,Washington,34.36,42514
Tennessee,Greene,34.36,71405
Kentucky,Graves,34.34,36412
Alabama,Tallapoosa,34.32,40977
North Carolina,Anson,34.31,22202
Washington,Pend Oreille,34.29,14179
Kentucky,Russell,34.28,18178
Michigan,Baraga,34.28,8277
Montana,Meagher,34.27,2013
South Carolina,Lancaster,34.26,104577
Alabama,Dallas,34.25,36767
Illinois,Bond,34.25,16566
Georgia,Sumter,34.24,28877
Maine,Somerset,34.2,51098
New Jersey,Sussex,34.2,146084
Florida,Volusia,34.19,579192
North Carolina,Tyrrell,34.19,3365
Kentucky,Muhlenberg,34.17,30455
Illinois,Lawrence,34.15,14914
Missouri,Phelps,34.15,45313
Tennessee,Warren,34.15,42026
West Virginia,Mineral,34.13,26855
California,San Benito,34.12,67579
Mississippi,Kemper,34.12,8654
Alabama,Winston,34.11,23755
Louisiana,Tensas,34.11,3846
Texas,Cass,34.1,28539
Washington,Jefferson,34.07,33589
New Mexico,Quay,34.05,8546
Missouri,Linn,34.04,11820
Idaho,Teton,34.03,12544
South Carolina,Laurens,34.02,67965
Florida,Taylor,34,21283
Alabama,Butler,33.99,18650
Texas,Hays,33.98,269225
West Virginia,Hancock,33.92,28172
New York,Tioga,33.9,47772
Idaho,Bonner,33.89,51414
Tennessee,Robertson,33.88,75470
Arkansas,Greene,33.87,46448
Alabama,Conecuh,33.86,11206
Pennsylvania,Crawford,33.86,82670
Minnesota,Sherburne,33.84,100824
North Carolina,Scotland,33.83,34162
Virginia,Sussex,33.81,10680
Illinois,Hancock,33.8,17244
Pennsylvania,Venango,33.8,49777
Kentucky,Pulaski,33.74,65795
Utah,San Juan,33.73,14359
Iowa,Van Buren,33.72,7256
North Carolina,Gaston,33.72,234215
Michigan,Crawford,33.71,13491
Michigan,Delta,33.69,36741
Arkansas,Scott,33.68,9805
Louisiana,Richland,33.68,19826
South Carolina,Allendale,33.67,7579
Arkansas,Bradley,33.65,10135
Mississippi,Lincoln,33.64,34717
New York,Madison,33.63,67097
Michigan,Manistee,33.62,25287
Iowa,Jasper,33.6,37938
Kentucky,Caldwell,33.58,12570
Kentucky,Pike,33.58,56286
Wisconsin,Vernon,33.54,31060
Idaho,Bannock,33.53,89517
Florida,Nassau,33.52,97899
Mississippi,Benton,33.51,7550
Georgia,Camden,33.5,57013
Mississippi,Marion,33.49,24050
South Carolina,Orangeburg,33.49,83094
Iowa,Jackson,33.48,19324
Virginia,Middlesex,33.42,10943
Virginia,Essex,33.4,10630
Virginia,Prince Edward,33.4,21927
Missouri,Henry,33.39,22438
Pennsylvania,Warren,33.37,37808
North Carolina,Union,33.35,249070
Alabama,Covington,33.32,37602
Alabama,Monroe,33.32,19404
Alabama,Cullman,33.31,90665
Virginia,Halifax,33.28,33644
Georgia,Colquitt,33.27,45762
Wisconsin,Green Lake,33.25,19220
Illinois,Mason,33.24,12748
Kentucky,Ohio,33.22,23527
Illinois,Clark,33.21,15229
New York,Washington,33.2,60841
Virginia,Charles City,33.2,6605
Kentucky,Perry,33.19,27361
New Mexico,Luna,33.16,25749
Ohio,Crawford,33.15,41522
Texas,Palo Pinto,33.15,29239
Georgia,Elbert,33.14,19814
Georgia,Fannin,33.12,25737
Ohio,Knox,33.12,63183
Indiana,Orange,33.06,19623
Michigan,Lenawee,33.06,98567
Pennsylvania,Schuylkill,33.04,143104
Georgia,Ben Hill,33.03,17069
Utah,Iron,33,62429
Kentucky,Fulton,32.96,6382
Tennessee,Unicoi,32.96,17674
North Carolina,Lincoln,32.95,93095
Idaho,Lemhi,32.93,8240
Michigan,Gogebic,32.91,14319
Nevada,Nye,32.91,54738
Arkansas,St Francis,32.89,22451
North Carolina,Edgecombe,32.89,48301
Arizona,Yavapai,32.85,246191
Montana,Carbon,32.83,11179
North Carolina,Robeson,32.83,116663
Virginia,Northumberland,32.82,12302
Ohio,Pickaway,32.73,60023
Alabama,Escambia,32.71,36666
Pennsylvania,Fayette,32.7,125755
Oklahoma,Rogers,32.66,98836
New Mexico,Mckinley,32.65,69830
Ohio,Coshocton,32.64,36571
Virginia,Nottoway,32.64,15559
Kansas,Marion,32.63,11868
Mississippi,Adams,32.63,28408
Kentucky,Bullitt,32.59,83836
Oklahoma,Canadian,32.58,169149
Florida,Columbia,32.57,71908
West Virginia,Taylor,32.56,16342
Georgia,Union,32.55,26388
Michigan,Branch,32.53,44531
Illinois,Scott,32.5,4790
Missouri,Mercer,32.5,3437
Oklahoma,Harmon,32.49,2428
Ohio,Ashtabula,32.45,97014
Texas,Kimble,32.44,4422
Minnesota,Clay,32.42,65929
Virginia,Isle of Wight,32.4,40151
Indiana,Lawrence,32.39,45222
Georgia,Murray,32.38,40472
Michigan,Mecosta,32.37,40720
Michigan,Osceola,32.35,23274
Georgia,Seminole,32.32,9127
Michigan,Kalkaska,32.32,18182
Illinois,Woodford,32.31,38128
Pennsylvania,Juniata,32.24,23339
North Carolina,Davie,32.18,44090
New Mexico,Torrance,32.17,15454
Ohio,Paulding,32.17,18757
Oregon,Baker,32.17,16938
Illinois,Saline,32.15,23087
Missouri,Adair,32.13,25165
Louisiana,Webster,32.12,35643
Kansas,Comanche,32.1,1681
Oklahoma,Seminole,32.09,23351
New York,Schoharie,32.06,30063
Kentucky,Ballard,32.05,7650
West Virginia,Berkeley,32.05,129490
Alabama,Crenshaw,32.04,13025
Montana,Pondera,32.04,6078
Georgia,Peach,32.03,28562
North Carolina,Sampson,32.03,59120
Ohio,Lawrence,32,56653
Kansas,Sumner,31.99,22473
Louisiana,Tangipahoa,31.98,137048
North Carolina,Johnston,31.95,234778
South Dakota,Fall River,31.95,7370
West Virginia,Lewis,31.95,16767
Alabama,Marion,31.94,29156
West Virginia,Jefferson,31.93,58979
Georgia,Baldwin,31.92,43635
Ohio,Champaign,31.92,38709
West Virginia,Randolph,31.87,27600
Kentucky,Madison,31.86,95187
Minnesota,Le Sueur,31.86,29153
California,Merced,31.85,290014
Georgia,Dawson,31.83,30138
Illinois,Pulaski,31.83,4991
Missouri,Scotland,31.83,4643
Idaho,Payette,31.82,26956
Montana,Garfield,31.81,1218
Colorado,Otero,31.8,18303
Louisiana,Beauregard,31.8,36570
Texas,Ellis,31.8,212182
Nebraska,Cass,31.79,27122
Oklahoma,Marshall,31.78,15882
Georgia,Wilkes,31.77,9599
Idaho,Owyhee,31.75,12613
New Mexico,Chaves,31.75,63894
Pennsylvania,Somerset,31.75,72710
Mississippi,Wayne,31.74,19681
Wisconsin,Shawano,31.73,40886
Pennsylvania,Forest,31.72,6626
Missouri,Knox,31.7,3776
Virginia,Richmond,31.69,9080
Georgia,Washington,31.67,19738
Mississippi,Pontotoc,31.66,31389
Arkansas,Faulkner,31.65,127665
Mississippi,Panola,31.63,32661
Florida,Hendry,31.62,41339
Kentucky,Taylor,31.62,26407
Montana,Granite,31.62,3502
Arkansas,Carroll,31.59,28742
Missouri,Montgomery,31.58,11470
South Carolina,Chesterfield,31.58,43683
Texas,Johnson,31.58,195506
Mississippi,Sharkey,31.57,3488
Mississippi,Tippah,31.57,21431
Texas,Duval,31.55,9888
Texas,Grimes,31.55,30754
California,Tehama,31.54,65245
Kansas,Elk,31.54,2441
North Carolina,Northampton,31.54,16779
Ohio,Columbiana,31.54,100511
Arkansas,Miller,31.52,42552
Louisiana,Jackson,31.52,14839
Ohio,Preble,31.51,40596
Pennsylvania,Jefferson,31.5,43794
Texas,Archer,31.5,8835
Texas,Collingsworth,31.46,2568
Louisiana,Allen,31.45,22320
Michigan,Chippewa,31.45,36293
Louisiana,Concordia,31.43,18116
Tennessee,Lauderdale,31.43,24793
South Carolina,Marlboro,31.42,26039
Washington,Pacific,31.42,24113
Illinois,Henry,31.4,48419
Illinois,Gallatin,31.36,4855
Iowa,Jones,31.35,20848
North Dakota,Sioux,31.35,3711
South Dakota,Bon Homme,31.35,7062
Wisconsin,Calumet,31.35,52718
Indiana,Fountain,31.31,16574
Wisconsin,Forest,31.31,9381
Georgia,Decatur,31.3,28982
New York,Bronx,31.3,1379946
Georgia,Clinch,31.25,6662
Oklahoma,Pottawatomie,31.24,73533
New Mexico,Lincoln,31.22,20411
Illinois,Boone,31.21,53154
Pennsylvania,Armstrong,31.21,64747
Georgia,White,31.2,28806
Ohio,Highland,31.19,43391
Texas,Wood,31.19,46857
Virginia,Bland,31.19,6148
Arkansas,Hot Spring,31.17,33203
Arkansas,Sevier,31.16,15686
Georgia,Spalding,31.16,68919
Texas,Bosque,31.16,18697
Kentucky,Barren,31.15,44854
Minnesota,Houston,31.14,18800
South Carolina,Kershaw,31.14,67751
Texas,Mitchell,31.14,8943
Texas,Jasper,31.12,32484
West Virginia,Mason,31.12,25000
Ohio,Jackson,31.06,32586
Missouri,Howell,31.05,40631
Michigan,Houghton,31.03,37035
Pennsylvania,Bedford,31.03,47418
Kentucky,Bell,31.02,23568
Georgia,Warren,30.92,5155
Kentucky,Floyd,30.92,34978
Georgia,Cherokee,30.91,281278
Missouri,Mcdonald,30.87,23588
Missouri,Mississippi,30.87,11688
Minnesota,Aitkin,30.86,16126
North Dakota,Rolette,30.85,11933
Minnesota,Morrison,30.84,34246
New York,Allegany,30.84,46694
Tennessee,Gibson,30.84,50837
Georgia,Bacon,30.83,11191
Florida,Sumter,30.79,144970
Georgia,Bulloch,30.79,83059
Utah,Sanpete,30.78,29724
Florida,Charlotte,30.76,202661
Georgia,McDuffie,30.74,21713
Oklahoma,Craig,30.73,14123
South Carolina,Pickens,30.72,133462
Tennessee,Monroe,30.71,47740
North Carolina,Haywood,30.66,62609
Washington,Asotin,30.66,22508
Arkansas,Yell,30.65,20129
Indiana,Clay,30.63,26379
Alabama,Franklin,30.62,31932
South Carolina,Cherokee,30.62,56121
Minnesota,Mille Lacs,30.61,27280
Kentucky,Todd,30.59,12404
Missouri,Pemiscot,30.59,14841
Texas,Hamilton,30.57,8298
Tennessee,Lincoln,30.56,36004
Missouri,Gasconade,30.55,14768
Missouri,Barton,30.53,11694
Oklahoma,Mcclain,30.52,45306
Alabama,Clay,30.51,14198
Indiana,Henry,30.49,48915
Missouri,Shelby,30.47,5982
Montana,Chouteau,30.47,5898
Wisconsin,Burnett,30.47,17036
Utah,Morgan,30.45,12832
Missouri,Osage,30.39,13399
North Carolina,Martin,30.38,21508
Mississippi,Chickasaw,30.36,16812
Michigan,Menominee,30.35,23266
Texas,Runnels,30.35,9859
Arkansas,Chicot,30.34,9873
Arkansas,Monroe,30.33,6564
Georgia,Henry,30.33,248364
Missouri,Grundy,30.33,9838
Georgia,Pickens,30.32,34826
Texas,Montague,30.31,21063
Oklahoma,Cleveland,30.3,299587
Alabama,Barbour,30.27,24706
Illinois,Piatt,30.24,16723
Kentucky,Rowan,30.21,24388
Maine,Oxford,30.21,59495
Florida,St Lucie,30.2,358704
Iowa,Davis,30.19,9130
Ohio,Hardin,30.19,30416
Arkansas,White,30.18,77755
Idaho,Oneida,30.17,4712
North Carolina,Columbus,30.17,49885
Tennessee,Jefferson,30.16,56727
Mississippi,Tishomingo,30.14,18619
Indiana,Harrison,30.12,39851
Georgia,Emanuel,30.08,22929
Georgia,Effingham,30.06,69041
Minnesota,Fillmore,30.06,21414
North Carolina,Rockingham,30.06,91957
West Virginia,Upshur,30.04,23712
Oklahoma,Washita,30.03,10732
Missouri,Crawford,30.01,22659
Georgia,Habersham,30,47475
North Carolina,Vance,30,42138
Tennessee,Cheatham,30,41830
Michigan,Sanilac,29.97,40657
Ohio,Fairfield,29.97,162898
Georgia,Atkinson,29.92,8183
Georgia,Towns,29.91,12972
New Mexico,Socorro,29.89,16115
Oklahoma,Haskell,29.88,11641
North Carolina,Halifax,29.87,47848
Indiana,Putnam,29.84,37301
Iowa,Decatur,29.84,7683
Georgia,Hart,29.83,26909
Montana,Powell,29.83,7051
Missouri,Harrison,29.81,8199
Virginia,Clarke,29.77,15266
California,Del Norte,29.76,27082
North Carolina,Caldwell,29.75,80492
Texas,Maverick,29.75,57843
Colorado,Fremont,29.73,49621
Oregon,Curry,29.73,23598
Mississippi,Attala,29.71,17509
Montana,Deer Lodge,29.71,9510
South Dakota,Butte,29.71,10774
Tennessee,Fayette,29.71,43630
Oregon,Jefferson,29.65,25330
Minnesota,Sibley,29.63,14955
Florida,Gulf,29.58,15314
Idaho,Canyon,29.57,251065
North Carolina,Burke,29.57,87881
Oklahoma,Kiowa,29.57,8345
Georgia,Jeff Davis,29.56,14889
Colorado,Saguache,29.54,6623
Indiana,Madison,29.53,131744
Texas,Comanche,29.51,13878
Minnesota,Todd,29.49,25538
Indiana,Scott,29.48,24588
Alabama,De Kalb,29.45,71998
Illinois,Clinton,29.38,36909
Virginia,Highland,29.38,2301
Florida,Franklin,29.37,12498
Georgia,Brooks,29.37,16253
Florida,Osceola,29.36,422545
Mississippi,Lawrence,29.34,11713
Virginia,Orange,29.34,37991
Alabama,Coffee,29.33,54805
Michigan,Luce,29.31,5330
Texas,Navarro,29.31,54636
New Mexico,Taos,29.3,34580
Kentucky,Whitley,29.27,36873
Kansas,Jackson,29.26,13286
Kansas,Miami,29.26,34867
Pennsylvania,Clarion,29.24,37346
Michigan,Clinton,29.23,79748
Kentucky,Hart,29.22,19600
Arkansas,Polk,29.21,19337
Missouri,Pike,29.19,17664
Texas,Real,29.18,2840
Idaho,Bingham,29.12,49923
Alabama,Macon,29.08,18516
New York,Herkimer,29.08,59822
North Carolina,Graham,29.08,7980
Georgia,Meriwether,29.03,20845
Montana,Sanders,29.03,13442
Mississippi,Leake,29.02,21135
Oklahoma,Latimer,28.97,9630
Texas,Randall,28.97,146140
Virginia,Fluvanna,28.95,28159
West Virginia,Jackson,28.95,27716
Georgia,Pulaski,28.94,9984
Louisiana,La Salle,28.93,14729
Idaho,Adams,28.92,4817
Alabama,Autauga,28.91,59759
Florida,Marion,28.9,396415
Louisiana,St Landry,28.9,81773
Mississippi,Perry,28.9,11368
California,Calaveras,28.86,46563
Georgia,Randolph,28.82,6116
New York,Schuyler,28.82,17650
Virginia,Franklin,28.82,55074
Idaho,Idaho,28.78,17593
Alabama,Jackson,28.77,52891
Mississippi,Monroe,28.77,33577
Texas,Parker,28.76,165834
Arkansas,Randolph,28.73,18837
Virginia,Buckingham,28.72,16982
Michigan,Arenac,28.71,15089
Montana,Lake,28.71,32853
Alabama,Lauderdale,28.7,95878
North Carolina,Davidson,28.7,172586
Illinois,Perry,28.69,20588
Virginia,King William,28.69,18492
Tennessee,Franklin,28.67,43942
Colorado,Custer,28.64,5335
Oklahoma,Choctaw,28.64,14358
West Virginia,Mercer,28.63,58700
Minnesota,Chisago,28.62,57988
Indiana,Blackford,28.6,11919
Florida,Putnam,28.59,74731
North Carolina,Randolph,28.57,146043
Texas,Camp,28.57,12716
Oklahoma,Cherokee,28.56,48098
Arkansas,Ouachita,28.54,22049
Illinois,Wayne,28.54,15872
Arkansas,Nevada,28.5,8181
Missouri,Moniteau,28.45,15220
Mississippi,Pike,28.43,39644
Texas,Aransas,28.43,24944
Mississippi,Winston,28.41,17543
Idaho,Boundary,28.39,13345
Arkansas,Crawford,28.37,61075
Florida,Gadsden,28.37,43403
Georgia,Haralson,28.37,31337
Michigan,Alger,28.37,8807
Mississippi,Clay,28.35,18380
Texas,Marion,28.35,9560
Illinois,Greene,28.33,11651
Michigan,Benzie,28.33,18297
Georgia,Polk,28.31,43709
Mississippi,Sunflower,28.29,24811
Pennsylvania,Huntingdon,28.27,43281
Georgia,Gilmer,28.25,32407
North Carolina,Stanly,28.25,64153
Georgia,Stewart,28.22,4648
Illinois,Alexander,28.22,4858
Illinois,Wabash,28.21,11087
Mississippi,Lamar,28.2,65783
Tennessee,Henderson,28.18,27929
South Dakota,Custer,28.17,9006
North Carolina,Ashe,28.16,27110
Tennessee,White,28.15,28064
Alabama,Etowah,28.14,103088
Georgia,Barrow,28.13,89299
Tennessee,Cumberland,28.13,63522
Colorado,Elbert,28.12,27799
Ohio,Adams,28.12,27420
Tennessee,Hawkins,28.08,58043
Tennessee,Marion,28.05,29094
Virginia,Tazewell,28.05,39821
West Virginia,Boone,28.02,20968
Kentucky,Harrison,28.01,19103
Missouri,Dunklin,28,27406
California,Lake,27.99,68191
South Dakota,Meade,27.98,30698
Mississippi,Jasper,27.92,16167
Illinois,Henderson,27.9,6151
Texas,Willacy,27.84,20143
South Dakota,Bennett,27.83,3336
Kentucky,Oldham,27.81,69431
Ohio,Morgan,27.8,13668
Mississippi,Yazoo,27.79,25948
Oklahoma,Creek,27.78,72699
Texas,Mason,27.77,3982
North Carolina,Rutherford,27.71,64963
Missouri,Bates,27.7,16177
South Carolina,Dillon,27.67,27738
Mississippi,Humphreys,27.66,7333
Illinois,Monroe,27.64,35033
Florida,Lake,27.63,410139
Florida,Jackson,27.61,48211
Mississippi,Noxubee,27.54,9990
Missouri,Dekalb,27.48,11336
West Virginia,McDowell,27.45,17850
Florida,Citrus,27.44,162529
Kentucky,Grayson,27.44,26631
Texas,Hill,27.43,37329
Vermont,Orange,27.43,29846
Texas,Cameron,27.42,425208
Wisconsin,Pierce,27.42,42532
Alabama,Russell,27.4,58555
California,Sierra,27.37,3217
Illinois,Mercer,27.37,15504
Michigan,Missaukee,27.37,15213
Montana,Ravalli,27.37,47298
Arkansas,Poinsett,27.3,22495
Missouri,Miller,27.3,25403
Wisconsin,Adams,27.29,21226
Tennessee,Montgomery,27.27,235201
Kentucky,Washington,27.25,12061
Nevada,Lyon,27.25,61585
Arkansas,Cross,27.23,16601
Utah,Tooele,27.22,79934
Georgia,Butts,27.16,26649
Michigan,Iron,27.16,11622
Mississippi,Smith,27.15,14092
New Mexico,Sierra,27.13,11436
North Carolina,Alleghany,27.12,11185
Texas,Walker,27.12,78870
Kentucky,Monroe,27.11,11355
Georgia,Walton,27.1,103065
Idaho,Franklin,27.1,15189
Louisiana,St Bernard,27.09,44479
Montana,Lincoln,27.08,21525
Oklahoma,Le Flore,27.06,48907
Wisconsin,Marquette,27.05,15779
Louisiana,Claiborne,27.03,13744
Georgia,Terrell,26.98,8754
Michigan,Presque Isle,26.97,13361
North Carolina,Cherokee,26.96,29512
Indiana,Owen,26.95,21482
Arkansas,Johnson,26.94,26001
Vermont,Grand Isle,26.93,7489
Michigan,Newaygo,26.88,50886
Alabama,Sumter,26.85,11853
Colorado,Delta,26.85,31602
Montana,Glacier,26.85,13681
Ohio,Noble,26.84,14335
North Carolina,Currituck,26.83,31015
Georgia,Clay,26.82,2845
Kentucky,Cumberland,26.82,5946
Oregon,Columbia,26.81,53588
North Carolina,Washington,26.78,10828
Georgia,Webster,26.76,2328
Georgia,Columbia,26.73,162419
Wisconsin,Iron,26.66,6224
Minnesota,Isanti,26.65,42727
Florida,De Soto,26.64,35312
Wisconsin,Florence,26.62,4688
Idaho,Jefferson,26.61,33428
North Carolina,Pender,26.61,65737
Idaho,Fremont,26.6,13978
Wisconsin,Waushara,26.6,24999
Tennessee,Decatur,26.59,11564
Illinois,Fayette,26.58,21305
Iowa,Madison,26.57,17036
Idaho,Bear Lake,26.56,6722
Illinois,Kendall,26.56,137254
Georgia,Lumpkin,26.55,34796
Indiana,Miami,26.55,35674
Georgia,Taylor,26.5,7737
Missouri,Cooper,26.5,16772
South Dakota,Todd,26.49,9220
Florida,Santa Rosa,26.47,198268
Florida,Baker,26.46,27803
Georgia,Candler,26.46,11000
Illinois,Macoupin,26.45,44245
Missouri,Lafayette,26.44,32961
Colorado,Conejos,26.42,7579
South Carolina,Union,26.39,26752
Virginia,Powhatan,26.35,31489
Florida,Suwannee,26.34,45411
Texas,Coleman,26.34,7850
Arkansas,Lawrence,26.31,16205
Alabama,Henry,26.3,17655
Arkansas,Clay,26.3,14265
Texas,Red River,26.29,11542
Missouri,St Francois,26.24,66969
Missouri,Cass,26.22,110394
Alabama,Greene,26.21,7422
West Virginia,Pendleton,26.19,6011
Louisiana,Acadia,26.17,56744
Indiana,Jennings,26.12,27536
Georgia,Bryan,26.08,48225
Minnesota,Kanabec,26.07,16463
Alabama,Walker,26.03,64339
Michigan,Ogemaw,26.01,20970
Tennessee,Pickett,25.99,5107
West Virginia,Wyoming,25.99,20527
Montana,Golden Valley,25.95,835
Wisconsin,Oconto,25.95,39633
Arizona,Navajo,25.93,108650
Georgia,Baker,25.93,2788
Georgia,Newton,25.92,117621
Missouri,Schuyler,25.91,4002
Wisconsin,Bayfield,25.82,16608
Texas,Cherokee,25.8,51645
Florida,Clay,25.79,226589
Virginia,Page,25.79,23750
South Dakota,Corson,25.78,3826
Georgia,Dade,25.75,16081
Montana,Phillips,25.75,4240
Missouri,Putnam,25.74,4666
Oklahoma,Cotton,25.73,5477
Virginia,New Kent,25.71,24986
Michigan,Lapeer,25.67,88780
Texas,Motley,25.65,1032
Iowa,Warren,25.61,54327
Alabama,Chambers,25.57,34088
Virginia,Russell,25.56,25448
Tennessee,Fentress,25.55,19332
Arkansas,Pike,25.54,10179
Mississippi,Franklin,25.53,7642
Michigan,Roscommon,25.51,23708
West Virginia,Fayette,25.51,39487
West Virginia,Wayne,25.51,37998
Michigan,Antrim,25.5,24249
North Carolina,Polk,25.47,19986
Virginia,Amherst,25.47,31589
Michigan,Montmorency,25.46,9569
Washington,Ferry,25.44,7448
South Carolina,Dorchester,25.41,166133
Virginia,Bedford,25.41,80848
Florida,Pasco,25.39,608794
West Virginia,Nicholas,25.38,24335
Mississippi,Tallahatchie,25.37,12035
Texas,Kaufman,25.36,172366
Florida,Flagler,25.35,126705
Louisiana,St Martin,25.35,51236
Montana,Prairie,25.34,1107
Texas,Hidalgo,25.32,888367
Georgia,Putnam,25.31,22984
South Carolina,Saluda,25.31,18938
Alabama,Bullock,25.3,10202
Colorado,Park,25.28,17939
Idaho,Madison,25.27,54976
Illinois,Franklin,25.26,37242
Oklahoma,Tillman,25.26,6977
Texas,Fannin,25.25,37125
Texas,San Saba,25.22,5824
Tennessee,Lawrence,25.19,45415
New Mexico,Mora,25.17,4169
Michigan,Shiawassee,25.11,68022
North Carolina,Yadkin,25.1,37463
Missouri,Caldwell,25.06,8933
New Mexico,Rio Arriba,25.06,40048
Texas,Bastrop,25.06,106188
Kentucky,Mclean,25.05,9105
Michigan,Oscoda,25.05,8404
Illinois,Jersey,24.99,21246
Michigan,Cheboygan,24.98,25940
Arkansas,Cleburne,24.97,25284
Texas,Menard,24.95,1968
Virginia,Madison,24.95,14000
Illinois,Fulton,24.94,33021
Michigan,Tuscola,24.94,52945
Mississippi,Yalobusha,24.93,12364
Tennessee,Benton,24.93,16002
West Virginia,Barbour,24.91,15414
Florida,Washington,24.89,25414
Virginia,Westmoreland,24.87,18712
Georgia,Grady,24.86,26008
Louisiana,Vermilion,24.84,56952
Kansas,Greenwood,24.83,5939
Kentucky,Butler,24.8,12295
Tennessee,Lewis,24.8,12957
Louisiana,East Feliciana,24.79,19135
Oklahoma,Lincoln,24.77,34188
Virginia,Caroline,24.77,31957
West Virginia,Braxton,24.76,12185
Missouri,Dent,24.71,14467
Louisiana,Jefferson Davis,24.7,32026
Arkansas,Prairie,24.65,8069
Minnesota,Pine,24.65,29446
North Carolina,Stokes,24.61,45175
Washington,Mason,24.59,68166
South Dakota,Jackson,24.58,2821
Missouri,Polk,24.54,32693
Missouri,Lewis,24.52,9891
Tennessee,Overton,24.51,23044
Kansas,Woodson,24.45,3109
Oklahoma,Atoka,24.45,14262
Louisiana,Franklin,24.44,19308
Indiana,Parke,24.43,16369
Michigan,Keweenaw,24.43,2180
New Mexico,Sandoval,24.43,153501
Georgia,Catoosa,24.42,68826
Indiana,Morgan,24.41,72236
Arkansas,Madison,24.4,17486
Tennessee,Campbell,24.38,39584
Louisiana,Evangeline,24.37,31986
Missouri,Dade,24.34,7660
Virginia,Floyd,24.34,15619
Oklahoma,Pushmataha,24.33,10769
Texas,Armstrong,24.33,1850
North Carolina,Jones,24.31,9233
Alabama,Lamar,24.28,13705
Georgia,Irwin,24.28,9126
Arkansas,Franklin,24.27,17271
New Mexico,San Miguel,24.26,26953
Tennessee,Johnson,24.26,18086
Texas,Milam,24.24,25628
South Carolina,Bamberg,24.23,12908
Mississippi,Copiah,24.21,27719
South Carolina,Williamsburg,24.19,30058
Michigan,Barry,24.18,63554
Michigan,Ionia,24.16,66809
Mississippi,Marshall,24.14,34110
Montana,Broadwater,24.12,7793
Oregon,Polk,24.11,89614
Michigan,Montcalm,24.09,67433
Mississippi,Prentiss,24.09,24792
South Carolina,Colleton,24.07,38599
Arkansas,Lee,24.04,8364
Indiana,Fayette,24.03,23349
Missouri,Carter,24.03,5268
California,Trinity,24.02,15781
North Carolina,Pamlico,24.02,12381
Kentucky,Lyon,23.99,9101
South Carolina,Hampton,23.99,18113
Ohio,Vinton,23.92,12565
Tennessee,Claiborne,23.92,32431
Mississippi,Simpson,23.91,25587
Colorado,Bent,23.9,5399
West Virginia,Gilmer,23.9,7325
Florida,Glades,23.86,12454
Georgia,Upson,23.85,28086
Georgia,Tattnall,23.84,24064
Indiana,Washington,23.84,28224
Texas,Sabine,23.81,10048
Florida,Highlands,23.8,105618
Illinois,Union,23.8,16767
Kansas,Jefferson,23.8,18344
Georgia,Schley,23.79,4496
New Mexico,Catron,23.79,3827
Texas,Polk,23.77,53255
Washington,Stevens,23.77,48229
Mississippi,Newton,23.76,21029
Washington,Skamania,23.76,12460
Indiana,Switzerland,23.74,10006
Indiana,Franklin,23.72,23028
Alabama,Chilton,23.69,45884
Missouri,Warren,23.68,37260
Louisiana,Morehouse,23.64,24446
Indiana,Starke,23.63,23258
Missouri,Jefferson,23.6,229336
Louisiana,Assumption,23.56,20604
North Carolina,Franklin,23.54,74539
Alabama,Cherokee,23.53,25302
Florida,Madison,23.52,18198
Montana,Carter,23.52,1382
Georgia,Screven,23.47,13977
Missouri,Stone,23.47,32136
Virginia,Charlotte,23.43,11475
Florida,Bradford,23.39,27313
Arkansas,Van Buren,23.37,16102
Kentucky,Anderson,23.35,24224
Virginia,Gloucester,23.33,39493
Mississippi,Calhoun,23.32,12781
Missouri,Clark,23.32,6723
Missouri,Morgan,23.32,21785
Mississippi,Itawamba,23.31,23903
Texas,Hardin,23.3,57811
Missouri,Worth,23.28,1955
Tennessee,Clay,23.27,7620
Vermont,Essex,23.24,5994
Arkansas,Grant,23.21,18160
Louisiana,Washington,23.17,45025
Tennessee,Hardeman,23.16,25529
Alabama,Perry,23.15,8035
Louisiana,East Carroll,23.15,6990
Alabama,Pickens,23.14,18697
Tennessee,Lake,23.14,6507
Arkansas,Searcy,23.12,7918
North Carolina,Alexander,23.11,36512
Virginia,Craig,23.1,4847
Texas,Jones,23.08,19935
Oregon,Wheeler,22.94,1445
Louisiana,Avoyelles,22.93,38751
Georgia,Cook,22.92,17404
Kansas,Ottawa,22.91,5795
Pennsylvania,Pike,22.91,60558
South Carolina,Edgefield,22.91,26932
Virginia,King and Queen,22.9,6718
North Carolina,Chatham,22.84,79864
Arkansas,Saline,22.82,127357
Montana,Mineral,22.78,5058
Alabama,Elmore,22.76,89563
Florida,Wakulla,22.7,35178
Michigan,Oceana,22.7,26973
Georgia,Talbot,22.67,5747
West Virginia,Preston,22.66,34172
Louisiana,Union,22.64,20721
North Carolina,Greene,22.6,20211
Missouri,Howard,22.59,10168
Missouri,Lawrence,22.56,38683
Missouri,Oregon,22.54,8732
Florida,Hernando,22.52,206896
Kentucky,Greenup,22.51,35403
South Carolina,Abbeville,22.51,24356
Idaho,Gem,22.48,20418
South Carolina,McCormick,22.48,9764
Ohio,Hocking,22.45,27858
Michigan,Ontonagon,22.44,5863
Georgia,Lamar,22.42,19467
Florida,Levy,22.36,45260
Alabama,Randolph,22.35,22479
New Mexico,Cibola,22.34,26950
Colorado,Costilla,22.27,3603
Missouri,Monroe,22.26,8652
Texas,Falls,22.26,17049
Georgia,Pierce,22.25,20168
Georgia,Calhoun,22.24,5469
Virginia,Mathews,22.22,8490
Georgia,Turner,22.2,8842
Georgia,Walker,22.16,68915
Kentucky,Wayne,22.16,19681
Oklahoma,Okmulgee,22.16,36990
Alabama,St Clair,22.15,93932
Florida,Calhoun,22.14,13464
Arkansas,Lafayette,22.12,6101
Tennessee,Cocke,22.11,36879
Tennessee,Scott,22.11,22035
Georgia,McIntosh,22.1,11180
Texas,Bee,22.09,30394
Kentucky,Grant,22.07,25502
Texas,Lampasas,22.04,22785
Tennessee,Carroll,22.02,28458
North Carolina,Yancey,22,18811
Oklahoma,Adair,21.96,19576
South Carolina,Lee,21.96,16153
Illinois,Calhoun,21.91,4360
Oklahoma,Pawnee,21.85,15757
Michigan,Alcona,21.84,10417
Texas,Tyler,21.83,20030
Georgia,Lee,21.79,33642
Georgia,Telfair,21.79,12354
South Carolina,Barnwell,21.78,20414
Kentucky,Allen,21.75,21275
Louisiana,Livingston,21.74,148425
Virginia,Amelia,21.74,13455
Missouri,Wright,21.73,19156
Pennsylvania,Perry,21.69,46114
Texas,Liberty,21.68,101992
Florida,Union,21.66,15460
North Carolina,Perquimans,21.65,13210
Kentucky,Casey,21.63,15920
Illinois,Menard,21.62,12121
Alabama,Geneva,21.61,26783
Virginia,Greene,21.58,21107
Alabama,Fayette,21.52,16118
Michigan,Cass,21.52,51403
Kentucky,Lawrence,21.48,16109
Tennessee,Tipton,21.48,61656
Idaho,Boise,21.42,8333
Georgia,Banks,21.4,19328
Texas,Henderson,21.38,84511
Arkansas,Logan,21.33,21253
Georgia,Berrien,21.33,18214
Virginia,Patrick,21.31,17643
Oklahoma,Delaware,21.3,41413
Missouri,Webster,21.29,40335
South Carolina,Marion,21.29,28450
Georgia,Dodge,21.23,19802
Arizona,Pinal,21.22,464154
Missouri,Madison,21.2,12753
Kansas,Chautauqua,21.19,3415
Montana,Blaine,21.19,6936
Tennessee,McNairy,21.16,25988
Colorado,Crowley,21.12,5614
Missouri,Ray,21.12,23107
Kansas,Wabaunsee,21.08,7019
Kentucky,Meade,21.08,30001
South Carolina,Clarendon,21.07,30913
Georgia,Chattooga,21.04,24936
Louisiana,Catahoula,21.02,8566
Tennessee,Wayne,21.02,16308
Kentucky,Fleming,20.99,15288
Indiana,Union,20.98,6952
Washington,Wahkiakum,20.95,4688
Texas,Caldwell,20.94,47848
New Mexico,Valencia,20.9,78080
West Virginia,Roane,20.9,13834
Alabama,Bibb,20.82,22005
South Dakota,Mellette,20.82,1892
Tennessee,Chester,20.82,17609
Mississippi,Stone,20.76,18669
Missouri,Lincoln,20.76,63155
Missouri,Maries,20.75,8431
Mississippi,Montgomery,20.74,9530
Indiana,Greene,20.73,31006
Oklahoma,Okfuskee,20.7,11134
Texas,Callahan,20.7,14210
Kentucky,Knox,20.68,29791
Kentucky,Crittenden,20.65,8981
North Carolina,Hoke,20.63,53787
Alabama,Cleburne,20.61,15346
Arkansas,Lincoln,20.53,12916
Kentucky,Henry,20.52,15771
Oklahoma,Osage,20.52,45839
Texas,Clay,20.45,10486
Kansas,Osage,20.43,15654
Kentucky,Rockcastle,20.43,16242
Tennessee,Macon,20.4,26229
Ohio,Brown,20.39,43680
Illinois,Hardin,20.38,3597
Texas,Medina,20.33,53723
Missouri,Christian,20.3,93114
Tennessee,Hickman,20.27,25455
Tennessee,Cannon,20.26,14788
Arkansas,Sharp,20.22,17810
Montana,Jefferson,20.22,12826
Missouri,Cedar,20.15,14601
Kentucky,Adair,20.13,19067
Missouri,Texas,20.11,25336
Louisiana,West Carroll,20.09,9475
Mississippi,Issaquena,20.05,1273
Ohio,Perry,20.02,35480
Indiana,Ohio,19.99,6114
Tennessee,Grainger,19.94,24277
Arkansas,Stone,19.91,12575
Florida,Gilchrist,19.91,18992
Texas,Wilson,19.91,52735
Missouri,Benton,19.87,20224
Tennessee,Perry,19.83,8685
Louisiana,Caldwell,19.82,9554
Missouri,Wayne,19.82,10792
Texas,Upshur,19.78,42488
Kentucky,Pendleton,19.71,14676
Texas,Coryell,19.69,85057
Texas,Van Zandt,19.68,62859
Arkansas,Izard,19.65,14048
Tennessee,Meigs,19.65,13272
Texas,Starr,19.62,65728
North Carolina,Harnett,19.61,138832
Kentucky,Trigg,19.57,14332
West Virginia,Morgan,19.55,17430
Kentucky,Breckinridge,19.49,20943
Oklahoma,Sequoyah,19.47,39667
Missouri,Ripley,19.46,10703
Virginia,Lunenburg,19.44,12031
Oklahoma,Nowata,19.42,9483
West Virginia,Mingo,19.42,22573
Mississippi,Amite,19.4,12619
Kentucky,Bracken,19.39,8452
Tennessee,Carter,19.39,56410
West Virginia,Calhoun,19.39,6068
Kentucky,Harlan,19.33,25662
Oklahoma,McIntosh,19.33,19451
Mississippi,Webster,19.32,9993
North Carolina,Gates,19.32,10383
Florida,Holmes,19.31,19651
Georgia,Hancock,19.3,8387
Virginia,Appomattox,19.3,16748
Georgia,Oglethorpe,19.24,15469
Missouri,Clinton,19.24,21328
Arkansas,Lonoke,19.2,75225
Kentucky,Johnson,19.18,22244
West Virginia,Hampshire,19.18,23468
Missouri,Daviess,19.17,8435
North Carolina,Madison,19.17,21768
Mississippi,Quitman,19.07,5701
Virginia,Scott,19.03,21476
Oklahoma,Jefferson,18.91,5389
Mississippi,Walthall,18.87,13761
Ohio,Morrow,18.87,35339
Indiana,Brown,18.84,15570
Tennessee,Sequatchie,18.79,16909
Tennessee,Polk,18.73,17863
Tennessee,Jackson,18.71,11989
Georgia,Bleckley,18.68,12257
Georgia,Paulding,18.65,178421
Missouri,Douglas,18.62,11975
Georgia,Taliaferro,18.6,1600
Missouri,Shannon,18.55,7193
Kentucky,Carter,18.54,26395
Montana,Petroleum,18.44,524
Kentucky,Metcalfe,18.43,10370
Mississippi,Wilkinson,18.41,8143
Florida,Lafayette,18.38,7786
Texas,Delta,18.34,5406
Mississippi,George,18.31,25206
North Carolina,Clay,18.31,11614
Mississippi,Tate,18.24,28296
Michigan,Gladwin,18.23,25728
Louisiana,St Helena,18.22,10822
Louisiana,Grant,18.16,22000
Indiana,Crawford,18.1,10536
Michigan,Lake,18.1,12594
Alabama,Lawrence,18.09,33214
Tennessee,Houston,18.07,8219
Missouri,Bollinger,17.93,10518
West Virginia,Summers,17.89,11762
Kentucky,Morgan,17.84,14120
Mississippi,Pearl River,17.8,57261
Kentucky,Clay,17.78,19913
South Dakota,Ziebach,17.7,2395
Mississippi,Clarke,17.66,15271
Missouri,Andrew,17.63,18003
Texas,Trinity,17.6,13996
Missouri,Hickory,17.58,8630
Ohio,Meigs,17.56,21969
Kentucky,Powell,17.5,13083
Virginia,Lee,17.48,21982
Alabama,Coosa,17.47,10166
Missouri,Washington,17.47,23441
Kentucky,Wolfe,17.45,6400
Georgia,Pike,17.44,19990
Tennessee,Grundy,17.37,13783
Florida,Jefferson,17.35,15042
Texas,Bandera,17.32,22115
Georgia,Lincoln,17.29,7841
Georgia,Jasper,17.25,15951
Kentucky,Martin,17.25,11095
Alabama,Blount,17.23,59512
Mississippi,Holmes,17.23,16121
West Virginia,Webster,17.21,8167
West Virginia,Monroe,17.16,12296
Alabama,Hale,17.14,14595
North Carolina,Warren,17.1,18713
Kentucky,Letcher,17.09,20893
Kentucky,Lincoln,17.08,24360
Virginia,Grayson,17.02,15343
Arkansas,Cleveland,16.97,7467
Illinois,Johnson,16.88,13381
Georgia,Madison,16.86,31473
West Virginia,Wirt,16.81,5091
Georgia,Jenkins,16.78,8689
Missouri,St Clair,16.78,9576
Texas,Rains,16.69,12823
Kentucky,Lee,16.64,7261
Tennessee,Trousdale,16.54,12111
Georgia,Wilcox,16.5,8761
Oklahoma,Logan,16.48,51933
Florida,Dixie,16.4,17124
Georgia,Quitman,16.36,2249
Oklahoma,Greer,16.33,5547
Georgia,Montgomery,16.28,8655
Georgia,Worth,16.28,20424
Arkansas,Perry,16.24,10063
Kentucky,Larue,16.14,15163
Georgia,Wheeler,16.06,7314
Missouri,Ozark,15.97,8940
West Virginia,Clay,15.89,7814
Georgia,Charlton,15.85,12781
Arkansas,Fulton,15.82,12382
Kentucky,McCreary,15.8,16701
Tennessee,Van Buren,15.8,6429
North Carolina,Camden,15.71,11088
Tennessee,Union,15.67,20452
Kentucky,Owen,15.62,11290
Virginia,Cumberland,15.59,9746
Kentucky,Breathitt,15.46,13351
Oklahoma,Wagoner,15.42,86644
Georgia,Harris,15.4,36276
North Carolina,Caswell,15.32,22614
Kentucky,Lewis,15.31,12954
Kentucky,Spencer,15.3,20204
Kentucky,Green,15.25,11365
Georgia,Jones,15.22,28472
Missouri,Dallas,15.14,17626
Kentucky,Edmonson,15.03,12269
Georgia,Marion,14.98,7449
Georgia,Brantley,14.9,18183
Kentucky,Bath,14.89,12829
Kentucky,Estill,14.86,14044
Georgia,Treutlen,14.8,6365
Tennessee,Bledsoe,14.63,14798
Arkansas,Newton,14.52,7078
Kentucky,Garrard,14.45,17589
Kentucky,Knott,14.44,13874
Kentucky,Menifee,14.4,6250
Tennessee,Morgan,14.15,21224
Mississippi,Jefferson Davis,13.95,11088
Kentucky,Leslie,13.75,10093
Mississippi,Jefferson,13.73,7087
Illinois,Pope,13.65,3770
Georgia,Johnson,13.39,9242
Kentucky,Owsley,13.29,3929
Kentucky,Magoffin,13.02,11357
Georgia,Lanier,12.86,10171
Kentucky,Robertson,12.71,2229
Tennessee,Hancock,12.54,6845
Kentucky,Nicholas,12.39,7805
Georgia,Crawford,12.38,12140
West Virginia,Lincoln,12.32,19901
Kentucky,Jackson,12.31,12973
Texas,San Jacinto,12.01,28348
Mississippi,Carroll,11.5,9731
Georgia,Echols,11.4,3686
Georgia,Glascock,11.34,2939
Mississippi,Greene,11.29,13552
Georgia,Long,10.32,18348
Kentucky,Elliott,10.27,7293